/home/yipeng/workspace/python/pytorch_samples/datasets/pokemon/4杰尼龟/00000097.png,4,4
/home/yipeng/workspace/python/pytorch_samples/datasets/pokemon/3皮卡丘/00000138.jpg,3,3
/home/yipeng/workspace/python/pytorch_samples/datasets/pokemon/3皮卡丘/00000073.jpg,3,3
/home/yipeng/workspace/python/pytorch_samples/datasets/pokemon/3皮卡丘/00000134.jpg,3,3
/home/yipeng/workspace/python/pytorch_samples/datasets/pokemon/1小火龙/00000191.jpg,1,1
/home/yipeng/workspace/python/pytorch_samples/datasets/pokemon/4杰尼龟/00000053.jpg,4,4
/home/yipeng/workspace/python/pytorch_samples/datasets/pokemon/4杰尼龟/00000145.jpg,4,4
/home/yipeng/workspace/python/pytorch_samples/datasets/pokemon/0妙蛙种子/00000103.png,0,0
/home/yipeng/workspace/python/pytorch_samples/datasets/pokemon/4杰尼龟/00000007.jpg,4,4
/home/yipeng/workspace/python/pytorch_samples/datasets/pokemon/2超梦/00000034.png,2,2
/home/yipeng/workspace/python/pytorch_samples/datasets/pokemon/2超梦/00000028.jpg,2,2
/home/yipeng/workspace/python/pytorch_samples/datasets/pokemon/0妙蛙种子/00000106.png,0,0
/home/yipeng/workspace/python/pytorch_samples/datasets/pokemon/3皮卡丘/00000013.png,3,3
/home/yipeng/workspace/python/pytorch_samples/datasets/pokemon/0妙蛙种子/00000184.jpg,0,0
/home/yipeng/workspace/python/pytorch_samples/datasets/pokemon/3皮卡丘/00000116.jpg,3,3
/home/yipeng/workspace/python/pytorch_samples/datasets/pokemon/3皮卡丘/00000029.jpg,3,3
/home/yipeng/workspace/python/pytorch_samples/datasets/pokemon/4杰尼龟/00000057.jpg,4,4
/home/yipeng/workspace/python/pytorch_samples/datasets/pokemon/1小火龙/00000082.png,1,1
/home/yipeng/workspace/python/pytorch_samples/datasets/pokemon/0妙蛙种子/00000158.png,0,0
/home/yipeng/workspace/python/pytorch_samples/datasets/pokemon/4杰尼龟/00000077.jpg,4,4
/home/yipeng/workspace/python/pytorch_samples/datasets/pokemon/3皮卡丘/00000089.jpg,3,3
/home/yipeng/workspace/python/pytorch_samples/datasets/pokemon/2超梦/00000013.jpeg,2,2
/home/yipeng/workspace/python/pytorch_samples/datasets/pokemon/1小火龙/00000009.png,1,1
/home/yipeng/workspace/python/pytorch_samples/datasets/pokemon/0妙蛙种子/00000187.jpg,0,0
/home/yipeng/workspace/python/pytorch_samples/datasets/pokemon/3皮卡丘/00000035.png,3,3
/home/yipeng/workspace/python/pytorch_samples/datasets/pokemon/0妙蛙种子/00000112.png,0,0
/home/yipeng/workspace/python/pytorch_samples/datasets/pokemon/3皮卡丘/00000225.jpg,3,3
/home/yipeng/workspace/python/pytorch_samples/datasets/pokemon/4杰尼龟/00000021.png,4,4
/home/yipeng/workspace/python/pytorch_samples/datasets/pokemon/3皮卡丘/00000221.jpg,3,3
/home/yipeng/workspace/python/pytorch_samples/datasets/pokemon/2超梦/00000205.png,2,2
/home/yipeng/workspace/python/pytorch_samples/datasets/pokemon/1小火龙/00000063.png,1,1
/home/yipeng/workspace/python/pytorch_samples/datasets/pokemon/2超梦/00000196.jpg,2,2
/home/yipeng/workspace/python/pytorch_samples/datasets/pokemon/3皮卡丘/00000031.png,3,3
/home/yipeng/workspace/python/pytorch_samples/datasets/pokemon/3皮卡丘/00000155.jpg,3,3
/home/yipeng/workspace/python/pytorch_samples/datasets/pokemon/0妙蛙种子/00000222.jpg,0,0
/home/yipeng/workspace/python/pytorch_samples/datasets/pokemon/4杰尼龟/00000076.png,4,4
/home/yipeng/workspace/python/pytorch_samples/datasets/pokemon/1小火龙/00000061.png,1,1
/home/yipeng/workspace/python/pytorch_samples/datasets/pokemon/3皮卡丘/00000105.jpg,3,3
/home/yipeng/workspace/python/pytorch_samples/datasets/pokemon/3皮卡丘/00000060.png,3,3
/home/yipeng/workspace/python/pytorch_samples/datasets/pokemon/0妙蛙种子/00000023.jpg,0,0
/home/yipeng/workspace/python/pytorch_samples/datasets/pokemon/2超梦/00000117.png,2,2
/home/yipeng/workspace/python/pytorch_samples/datasets/pokemon/3皮卡丘/00000003.jpg,3,3
/home/yipeng/workspace/python/pytorch_samples/datasets/pokemon/1小火龙/00000221.jpg,1,1
/home/yipeng/workspace/python/pytorch_samples/datasets/pokemon/3皮卡丘/00000181.jpg,3,3
/home/yipeng/workspace/python/pytorch_samples/datasets/pokemon/0妙蛙种子/00000087.png,0,0
/home/yipeng/workspace/python/pytorch_samples/datasets/pokemon/3皮卡丘/00000004.jpg,3,3
/home/yipeng/workspace/python/pytorch_samples/datasets/pokemon/0妙蛙种子/00000172.jpg,0,0
/home/yipeng/workspace/python/pytorch_samples/datasets/pokemon/4杰尼龟/00000168.jpg,4,4
/home/yipeng/workspace/python/pytorch_samples/datasets/pokemon/0妙蛙种子/00000066.jpg,0,4
/home/yipeng/workspace/python/pytorch_samples/datasets/pokemon/1小火龙/00000184.jpg,1,1
/home/yipeng/workspace/python/pytorch_samples/datasets/pokemon/4杰尼龟/00000143.jpg,4,0
/home/yipeng/workspace/python/pytorch_samples/datasets/pokemon/2超梦/00000108.jpg,2,2
/home/yipeng/workspace/python/pytorch_samples/datasets/pokemon/1小火龙/00000163.jpg,1,1
/home/yipeng/workspace/python/pytorch_samples/datasets/pokemon/2超梦/00000004.jpg,2,2
/home/yipeng/workspace/python/pytorch_samples/datasets/pokemon/3皮卡丘/00000054.jpg,3,3
/home/yipeng/workspace/python/pytorch_samples/datasets/pokemon/0妙蛙种子/00000136.jpg,0,0
/home/yipeng/workspace/python/pytorch_samples/datasets/pokemon/4杰尼龟/00000179.png,4,4
/home/yipeng/workspace/python/pytorch_samples/datasets/pokemon/1小火龙/00000001.jpg,1,1
/home/yipeng/workspace/python/pytorch_samples/datasets/pokemon/4杰尼龟/00000209.jpg,4,4
/home/yipeng/workspace/python/pytorch_samples/datasets/pokemon/0妙蛙种子/00000237.png,0,4
/home/yipeng/workspace/python/pytorch_samples/datasets/pokemon/2超梦/00000225.jpg,2,2
/home/yipeng/workspace/python/pytorch_samples/datasets/pokemon/2超梦/00000005.png,2,2
/home/yipeng/workspace/python/pytorch_samples/datasets/pokemon/2超梦/00000176.jpg,2,2
/home/yipeng/workspace/python/pytorch_samples/datasets/pokemon/0妙蛙种子/00000055.jpg,0,0
/home/yipeng/workspace/python/pytorch_samples/datasets/pokemon/2超梦/00000086.jpg,2,2
/home/yipeng/workspace/python/pytorch_samples/datasets/pokemon/0妙蛙种子/00000026.png,0,0
/home/yipeng/workspace/python/pytorch_samples/datasets/pokemon/0妙蛙种子/00000050.jpg,0,0
/home/yipeng/workspace/python/pytorch_samples/datasets/pokemon/1小火龙/00000042.jpg,1,1
/home/yipeng/workspace/python/pytorch_samples/datasets/pokemon/4杰尼龟/00000046.jpg,4,4
/home/yipeng/workspace/python/pytorch_samples/datasets/pokemon/2超梦/00000162.png,2,2
/home/yipeng/workspace/python/pytorch_samples/datasets/pokemon/3皮卡丘/00000001.png,3,3
/home/yipeng/workspace/python/pytorch_samples/datasets/pokemon/1小火龙/00000113.jpg,1,1
/home/yipeng/workspace/python/pytorch_samples/datasets/pokemon/3皮卡丘/00000237.jpg,3,3
/home/yipeng/workspace/python/pytorch_samples/datasets/pokemon/2超梦/00000192.jpg,2,7
/home/yipeng/workspace/python/pytorch_samples/datasets/pokemon/3皮卡丘/00000132.jpg,3,3
/home/yipeng/workspace/python/pytorch_samples/datasets/pokemon/2超梦/00000014.png,2,2
/home/yipeng/workspace/python/pytorch_samples/datasets/pokemon/2超梦/00000146.png,2,2
/home/yipeng/workspace/python/pytorch_samples/datasets/pokemon/3皮卡丘/00000050.png,3,3
/home/yipeng/workspace/python/pytorch_samples/datasets/pokemon/2超梦/00000201.png,2,2
/home/yipeng/workspace/python/pytorch_samples/datasets/pokemon/1小火龙/00000046.png,1,1
/home/yipeng/workspace/python/pytorch_samples/datasets/pokemon/3皮卡丘/00000129.jpg,3,3
/home/yipeng/workspace/python/pytorch_samples/datasets/pokemon/3皮卡丘/00000042.png,3,3
/home/yipeng/workspace/python/pytorch_samples/datasets/pokemon/1小火龙/00000197.jpg,1,1
/home/yipeng/workspace/python/pytorch_samples/datasets/pokemon/1小火龙/00000070.png,1,1
/home/yipeng/workspace/python/pytorch_samples/datasets/pokemon/3皮卡丘/00000088.png,3,3
/home/yipeng/workspace/python/pytorch_samples/datasets/pokemon/2超梦/00000056.png,2,2
/home/yipeng/workspace/python/pytorch_samples/datasets/pokemon/0妙蛙种子/00000016.png,0,0
/home/yipeng/workspace/python/pytorch_samples/datasets/pokemon/1小火龙/00000057.png,1,1
/home/yipeng/workspace/python/pytorch_samples/datasets/pokemon/0妙蛙种子/00000094.jpg,0,0
/home/yipeng/workspace/python/pytorch_samples/datasets/pokemon/3皮卡丘/00000224.jpg,3,3
/home/yipeng/workspace/python/pytorch_samples/datasets/pokemon/3皮卡丘/00000131.jpg,3,3
/home/yipeng/workspace/python/pytorch_samples/datasets/pokemon/1小火龙/00000091.jpg,1,1
/home/yipeng/workspace/python/pytorch_samples/datasets/pokemon/4杰尼龟/00000148.png,4,4
/home/yipeng/workspace/python/pytorch_samples/datasets/pokemon/3皮卡丘/00000019.jpg,3,3
/home/yipeng/workspace/python/pytorch_samples/datasets/pokemon/3皮卡丘/00000226.png,3,3
/home/yipeng/workspace/python/pytorch_samples/datasets/pokemon/4杰尼龟/00000020.jpg,4,4
/home/yipeng/workspace/python/pytorch_samples/datasets/pokemon/4杰尼龟/00000103.jpg,4,4
/home/yipeng/workspace/python/pytorch_samples/datasets/pokemon/0妙蛙种子/00000042.jpg,0,0
/home/yipeng/workspace/python/pytorch_samples/datasets/pokemon/2超梦/00000114.jpg,2,2
/home/yipeng/workspace/python/pytorch_samples/datasets/pokemon/2超梦/00000231.png,2,2
/home/yipeng/workspace/python/pytorch_samples/datasets/pokemon/4杰尼龟/00000036.jpg,4,4
/home/yipeng/workspace/python/pytorch_samples/datasets/pokemon/0妙蛙种子/00000221.jpg,0,0
/home/yipeng/workspace/python/pytorch_samples/datasets/pokemon/0妙蛙种子/00000082.png,0,0
/home/yipeng/workspace/python/pytorch_samples/datasets/pokemon/3皮卡丘/00000043.png,3,3
/home/yipeng/workspace/python/pytorch_samples/datasets/pokemon/3皮卡丘/00000048.jpg,3,3
/home/yipeng/workspace/python/pytorch_samples/datasets/pokemon/4杰尼龟/00000133.png,4,4
/home/yipeng/workspace/python/pytorch_samples/datasets/pokemon/3皮卡丘/00000020.png,3,3
/home/yipeng/workspace/python/pytorch_samples/datasets/pokemon/4杰尼龟/00000167.jpg,4,4
/home/yipeng/workspace/python/pytorch_samples/datasets/pokemon/2超梦/00000134.jpg,2,2
/home/yipeng/workspace/python/pytorch_samples/datasets/pokemon/3皮卡丘/00000143.png,3,3
/home/yipeng/workspace/python/pytorch_samples/datasets/pokemon/2超梦/00000033.png,2,2
/home/yipeng/workspace/python/pytorch_samples/datasets/pokemon/3皮卡丘/00000157.jpg,3,3
/home/yipeng/workspace/python/pytorch_samples/datasets/pokemon/2超梦/00000218.jpg,2,2
/home/yipeng/workspace/python/pytorch_samples/datasets/pokemon/1小火龙/00000155.png,1,1
/home/yipeng/workspace/python/pytorch_samples/datasets/pokemon/3皮卡丘/00000092.jpg,3,3
/home/yipeng/workspace/python/pytorch_samples/datasets/pokemon/2超梦/00000023.jpg,2,2
/home/yipeng/workspace/python/pytorch_samples/datasets/pokemon/3皮卡丘/00000085.png,3,3
/home/yipeng/workspace/python/pytorch_samples/datasets/pokemon/3皮卡丘/00000102.png,3,3
/home/yipeng/workspace/python/pytorch_samples/datasets/pokemon/4杰尼龟/00000115.jpg,4,4
/home/yipeng/workspace/python/pytorch_samples/datasets/pokemon/2超梦/00000000.jpg,2,2
/home/yipeng/workspace/python/pytorch_samples/datasets/pokemon/3皮卡丘/00000026.png,3,3
/home/yipeng/workspace/python/pytorch_samples/datasets/pokemon/1小火龙/00000058.png,1,1
/home/yipeng/workspace/python/pytorch_samples/datasets/pokemon/0妙蛙种子/00000218.jpg,0,0
/home/yipeng/workspace/python/pytorch_samples/datasets/pokemon/0妙蛙种子/00000213.jpg,0,0
/home/yipeng/workspace/python/pytorch_samples/datasets/pokemon/0妙蛙种子/00000034.jpg,0,0
/home/yipeng/workspace/python/pytorch_samples/datasets/pokemon/1小火龙/00000065.jpg,1,1
/home/yipeng/workspace/python/pytorch_samples/datasets/pokemon/1小火龙/00000133.png,1,3
/home/yipeng/workspace/python/pytorch_samples/datasets/pokemon/1小火龙/00000108.png,1,1
/home/yipeng/workspace/python/pytorch_samples/datasets/pokemon/1小火龙/00000152.jpg,1,1
/home/yipeng/workspace/python/pytorch_samples/datasets/pokemon/4杰尼龟/00000105.png,4,4
/home/yipeng/workspace/python/pytorch_samples/datasets/pokemon/4杰尼龟/00000126.jpg,4,4
/home/yipeng/workspace/python/pytorch_samples/datasets/pokemon/4杰尼龟/00000172.png,4,4
/home/yipeng/workspace/python/pytorch_samples/datasets/pokemon/1小火龙/00000229.png,1,1
/home/yipeng/workspace/python/pytorch_samples/datasets/pokemon/3皮卡丘/00000084.png,3,3
/home/yipeng/workspace/python/pytorch_samples/datasets/pokemon/4杰尼龟/00000047.jpg,4,4
/home/yipeng/workspace/python/pytorch_samples/datasets/pokemon/1小火龙/00000100.jpg,1,1
/home/yipeng/workspace/python/pytorch_samples/datasets/pokemon/2超梦/00000069.png,2,2
/home/yipeng/workspace/python/pytorch_samples/datasets/pokemon/1小火龙/00000168.jpg,1,1
/home/yipeng/workspace/python/pytorch_samples/datasets/pokemon/1小火龙/00000222.jpg,1,1
/home/yipeng/workspace/python/pytorch_samples/datasets/pokemon/1小火龙/00000008.png,1,1
/home/yipeng/workspace/python/pytorch_samples/datasets/pokemon/2超梦/00000044.png,2,2
/home/yipeng/workspace/python/pytorch_samples/datasets/pokemon/2超梦/00000089.jpg,2,2
/home/yipeng/workspace/python/pytorch_samples/datasets/pokemon/2超梦/00000172.png,2,2
/home/yipeng/workspace/python/pytorch_samples/datasets/pokemon/3皮卡丘/00000201.png,3,3
/home/yipeng/workspace/python/pytorch_samples/datasets/pokemon/3皮卡丘/00000063.jpg,3,3
/home/yipeng/workspace/python/pytorch_samples/datasets/pokemon/0妙蛙种子/00000219.jpg,0,0
/home/yipeng/workspace/python/pytorch_samples/datasets/pokemon/0妙蛙种子/00000005.png,0,0
/home/yipeng/workspace/python/pytorch_samples/datasets/pokemon/2超梦/00000061.jpg,2,7
/home/yipeng/workspace/python/pytorch_samples/datasets/pokemon/4杰尼龟/00000078.png,4,4
/home/yipeng/workspace/python/pytorch_samples/datasets/pokemon/3皮卡丘/00000090.jpg,3,3
/home/yipeng/workspace/python/pytorch_samples/datasets/pokemon/2超梦/00000128.jpg,2,2
/home/yipeng/workspace/python/pytorch_samples/datasets/pokemon/1小火龙/00000118.png,1,1
/home/yipeng/workspace/python/pytorch_samples/datasets/pokemon/3皮卡丘/00000002.png,3,3
/home/yipeng/workspace/python/pytorch_samples/datasets/pokemon/4杰尼龟/00000226.jpg,4,4
/home/yipeng/workspace/python/pytorch_samples/datasets/pokemon/1小火龙/00000140.jpg,1,1
/home/yipeng/workspace/python/pytorch_samples/datasets/pokemon/0妙蛙种子/00000133.png,0,0
/home/yipeng/workspace/python/pytorch_samples/datasets/pokemon/4杰尼龟/00000130.jpg,4,4
/home/yipeng/workspace/python/pytorch_samples/datasets/pokemon/4杰尼龟/00000009.png,4,4
/home/yipeng/workspace/python/pytorch_samples/datasets/pokemon/2超梦/00000221.jpg,2,2
/home/yipeng/workspace/python/pytorch_samples/datasets/pokemon/3皮卡丘/00000008.jpg,3,3
/home/yipeng/workspace/python/pytorch_samples/datasets/pokemon/3皮卡丘/00000024.png,3,3
/home/yipeng/workspace/python/pytorch_samples/datasets/pokemon/3皮卡丘/00000163.jpg,3,3
/home/yipeng/workspace/python/pytorch_samples/datasets/pokemon/0妙蛙种子/00000096.png,0,0
/home/yipeng/workspace/python/pytorch_samples/datasets/pokemon/1小火龙/00000027.png,1,3
/home/yipeng/workspace/python/pytorch_samples/datasets/pokemon/2超梦/00000148.png,2,2
/home/yipeng/workspace/python/pytorch_samples/datasets/pokemon/1小火龙/00000075.png,1,1
/home/yipeng/workspace/python/pytorch_samples/datasets/pokemon/3皮卡丘/00000058.png,3,3
/home/yipeng/workspace/python/pytorch_samples/datasets/pokemon/2超梦/00000054.png,2,2
/home/yipeng/workspace/python/pytorch_samples/datasets/pokemon/0妙蛙种子/00000101.png,0,0
/home/yipeng/workspace/python/pytorch_samples/datasets/pokemon/3皮卡丘/00000130.jpg,3,3
/home/yipeng/workspace/python/pytorch_samples/datasets/pokemon/4杰尼龟/00000120.jpg,4,4
/home/yipeng/workspace/python/pytorch_samples/datasets/pokemon/0妙蛙种子/00000150.jpg,0,4
/home/yipeng/workspace/python/pytorch_samples/datasets/pokemon/2超梦/00000197.jpg,2,2
/home/yipeng/workspace/python/pytorch_samples/datasets/pokemon/3皮卡丘/00000165.jpg,3,3
/home/yipeng/workspace/python/pytorch_samples/datasets/pokemon/1小火龙/00000072.jpg,1,1
/home/yipeng/workspace/python/pytorch_samples/datasets/pokemon/2超梦/00000053.png,2,2
/home/yipeng/workspace/python/pytorch_samples/datasets/pokemon/2超梦/00000017.png,2,2
/home/yipeng/workspace/python/pytorch_samples/datasets/pokemon/3皮卡丘/00000036.png,3,3
/home/yipeng/workspace/python/pytorch_samples/datasets/pokemon/4杰尼龟/00000068.png,4,4
/home/yipeng/workspace/python/pytorch_samples/datasets/pokemon/0妙蛙种子/00000014.png,0,0
/home/yipeng/workspace/python/pytorch_samples/datasets/pokemon/1小火龙/00000123.jpg,1,1
/home/yipeng/workspace/python/pytorch_samples/datasets/pokemon/2超梦/00000047.png,2,2
/home/yipeng/workspace/python/pytorch_samples/datasets/pokemon/3皮卡丘/00000217.png,3,3
/home/yipeng/workspace/python/pytorch_samples/datasets/pokemon/4杰尼龟/00000127.jpg,4,4
/home/yipeng/workspace/python/pytorch_samples/datasets/pokemon/1小火龙/00000225.png,1,1
/home/yipeng/workspace/python/pytorch_samples/datasets/pokemon/4杰尼龟/00000150.jpg,4,4
/home/yipeng/workspace/python/pytorch_samples/datasets/pokemon/1小火龙/00000172.png,1,1
/home/yipeng/workspace/python/pytorch_samples/datasets/pokemon/2超梦/00000065.png,2,4
/home/yipeng/workspace/python/pytorch_samples/datasets/pokemon/1小火龙/00000109.jpg,1,1
/home/yipeng/workspace/python/pytorch_samples/datasets/pokemon/0妙蛙种子/00000160.png,0,0
/home/yipeng/workspace/python/pytorch_samples/datasets/pokemon/4杰尼龟/00000171.jpg,4,4
/home/yipeng/workspace/python/pytorch_samples/datasets/pokemon/3皮卡丘/00000229.jpg,3,3
/home/yipeng/workspace/python/pytorch_samples/datasets/pokemon/0妙蛙种子/00000208.png,0,0
/home/yipeng/workspace/python/pytorch_samples/datasets/pokemon/1小火龙/00000182.png,1,1
/home/yipeng/workspace/python/pytorch_samples/datasets/pokemon/3皮卡丘/00000161.jpg,3,3
/home/yipeng/workspace/python/pytorch_samples/datasets/pokemon/0妙蛙种子/00000093.png,0,0
/home/yipeng/workspace/python/pytorch_samples/datasets/pokemon/2超梦/00000064.jpeg,2,5
/home/yipeng/workspace/python/pytorch_samples/datasets/pokemon/0妙蛙种子/00000054.png,0,0
/home/yipeng/workspace/python/pytorch_samples/datasets/pokemon/3皮卡丘/00000141.png,3,3
/home/yipeng/workspace/python/pytorch_samples/datasets/pokemon/0妙蛙种子/00000132.jpg,0,0
/home/yipeng/workspace/python/pytorch_samples/datasets/pokemon/0妙蛙种子/00000001.png,0,0
/home/yipeng/workspace/python/pytorch_samples/datasets/pokemon/2超梦/00000083.jpg,2,2
/home/yipeng/workspace/python/pytorch_samples/datasets/pokemon/3皮卡丘/00000091.jpg,3,3
/home/yipeng/workspace/python/pytorch_samples/datasets/pokemon/4杰尼龟/00000064.png,4,4
/home/yipeng/workspace/python/pytorch_samples/datasets/pokemon/1小火龙/00000067.png,1,1
/home/yipeng/workspace/python/pytorch_samples/datasets/pokemon/2超梦/00000243.jpg,2,2
/home/yipeng/workspace/python/pytorch_samples/datasets/pokemon/3皮卡丘/00000156.jpg,3,3
/home/yipeng/workspace/python/pytorch_samples/datasets/pokemon/4杰尼龟/00000059.png,4,0
/home/yipeng/workspace/python/pytorch_samples/datasets/pokemon/1小火龙/00000126.jpg,1,1
/home/yipeng/workspace/python/pytorch_samples/datasets/pokemon/0妙蛙种子/00000012.png,0,0
/home/yipeng/workspace/python/pytorch_samples/datasets/pokemon/1小火龙/00000029.png,1,1
/home/yipeng/workspace/python/pytorch_samples/datasets/pokemon/0妙蛙种子/00000032.jpg,0,0
/home/yipeng/workspace/python/pytorch_samples/datasets/pokemon/4杰尼龟/00000093.png,4,4
/home/yipeng/workspace/python/pytorch_samples/datasets/pokemon/1小火龙/00000036.png,1,1
/home/yipeng/workspace/python/pytorch_samples/datasets/pokemon/4杰尼龟/00000112.jpg,4,4
/home/yipeng/workspace/python/pytorch_samples/datasets/pokemon/0妙蛙种子/00000122.jpg,0,0
/home/yipeng/workspace/python/pytorch_samples/datasets/pokemon/4杰尼龟/00000086.png,4,4
/home/yipeng/workspace/python/pytorch_samples/datasets/pokemon/2超梦/00000035.png,2,2
/home/yipeng/workspace/python/pytorch_samples/datasets/pokemon/2超梦/00000068.jpg,2,2
/home/yipeng/workspace/python/pytorch_samples/datasets/pokemon/1小火龙/00000205.jpg,1,1
/home/yipeng/workspace/python/pytorch_samples/datasets/pokemon/3皮卡丘/00000072.jpeg,3,3
/home/yipeng/workspace/python/pytorch_samples/datasets/pokemon/2超梦/00000096.jpg,2,2
/home/yipeng/workspace/python/pytorch_samples/datasets/pokemon/2超梦/00000051.png,2,2
/home/yipeng/workspace/python/pytorch_samples/datasets/pokemon/3皮卡丘/00000175.png,3,3
/home/yipeng/workspace/python/pytorch_samples/datasets/pokemon/2超梦/00000018.jpg,2,2
/home/yipeng/workspace/python/pytorch_samples/datasets/pokemon/2超梦/00000188.png,2,2
/home/yipeng/workspace/python/pytorch_samples/datasets/pokemon/3皮卡丘/00000158.png,3,3
/home/yipeng/workspace/python/pytorch_samples/datasets/pokemon/4杰尼龟/00000206.png,4,4
/home/yipeng/workspace/python/pytorch_samples/datasets/pokemon/2超梦/00000163.png,2,2
/home/yipeng/workspace/python/pytorch_samples/datasets/pokemon/4杰尼龟/00000187.jpg,4,4
/home/yipeng/workspace/python/pytorch_samples/datasets/pokemon/0妙蛙种子/00000074.png,0,0
/home/yipeng/workspace/python/pytorch_samples/datasets/pokemon/3皮卡丘/00000159.jpg,3,3
/home/yipeng/workspace/python/pytorch_samples/datasets/pokemon/0妙蛙种子/00000095.jpg,0,0
/home/yipeng/workspace/python/pytorch_samples/datasets/pokemon/1小火龙/00000169.jpg,1,1
/home/yipeng/workspace/python/pytorch_samples/datasets/pokemon/1小火龙/00000158.jpg,1,1
/home/yipeng/workspace/python/pytorch_samples/datasets/pokemon/1小火龙/00000006.png,1,1
/home/yipeng/workspace/python/pytorch_samples/datasets/pokemon/1小火龙/00000193.png,1,1
/home/yipeng/workspace/python/pytorch_samples/datasets/pokemon/1小火龙/00000121.jpg,1,1
/home/yipeng/workspace/python/pytorch_samples/datasets/pokemon/3皮卡丘/00000208.jpg,3,3
/home/yipeng/workspace/python/pytorch_samples/datasets/pokemon/0妙蛙种子/00000194.jpg,0,0
/home/yipeng/workspace/python/pytorch_samples/datasets/pokemon/0妙蛙种子/00000116.png,0,0
/home/yipeng/workspace/python/pytorch_samples/datasets/pokemon/2超梦/00000144.png,2,2
/home/yipeng/workspace/python/pytorch_samples/datasets/pokemon/3皮卡丘/00000021.png,3,3
/home/yipeng/workspace/python/pytorch_samples/datasets/pokemon/3皮卡丘/00000053.jpg,3,3
/home/yipeng/workspace/python/pytorch_samples/datasets/pokemon/0妙蛙种子/00000211.png,0,0
/home/yipeng/workspace/python/pytorch_samples/datasets/pokemon/1小火龙/00000093.jpg,1,1
/home/yipeng/workspace/python/pytorch_samples/datasets/pokemon/1小火龙/00000079.png,1,1
/home/yipeng/workspace/python/pytorch_samples/datasets/pokemon/3皮卡丘/00000065.jpg,3,3
/home/yipeng/workspace/python/pytorch_samples/datasets/pokemon/2超梦/00000101.jpg,2,2
/home/yipeng/workspace/python/pytorch_samples/datasets/pokemon/1小火龙/00000210.png,1,1
/home/yipeng/workspace/python/pytorch_samples/datasets/pokemon/2超梦/00000228.jpg,2,2
/home/yipeng/workspace/python/pytorch_samples/datasets/pokemon/4杰尼龟/00000151.png,4,4
/home/yipeng/workspace/python/pytorch_samples/datasets/pokemon/0妙蛙种子/00000163.png,0,0
/home/yipeng/workspace/python/pytorch_samples/datasets/pokemon/1小火龙/00000025.png,1,1
/home/yipeng/workspace/python/pytorch_samples/datasets/pokemon/2超梦/00000226.jpg,2,6
/home/yipeng/workspace/python/pytorch_samples/datasets/pokemon/3皮卡丘/00000117.png,3,3
/home/yipeng/workspace/python/pytorch_samples/datasets/pokemon/3皮卡丘/00000093.png,3,3
/home/yipeng/workspace/python/pytorch_samples/datasets/pokemon/1小火龙/00000105.jpg,1,1
/home/yipeng/workspace/python/pytorch_samples/datasets/pokemon/3皮卡丘/00000146.jpg,3,3
/home/yipeng/workspace/python/pytorch_samples/datasets/pokemon/2超梦/00000220.png,2,2
/home/yipeng/workspace/python/pytorch_samples/datasets/pokemon/0妙蛙种子/00000142.png,0,0
/home/yipeng/workspace/python/pytorch_samples/datasets/pokemon/1小火龙/00000097.jpg,1,1
/home/yipeng/workspace/python/pytorch_samples/datasets/pokemon/0妙蛙种子/00000039.jpg,0,0
/home/yipeng/workspace/python/pytorch_samples/datasets/pokemon/2超梦/00000222.jpg,2,7
/home/yipeng/workspace/python/pytorch_samples/datasets/pokemon/0妙蛙种子/00000179.jpg,0,0
/home/yipeng/workspace/python/pytorch_samples/datasets/pokemon/2超梦/00000173.jpg,2,2
/home/yipeng/workspace/python/pytorch_samples/datasets/pokemon/0妙蛙种子/00000060.png,0,0
/home/yipeng/workspace/python/pytorch_samples/datasets/pokemon/2超梦/00000009.png,2,2
/home/yipeng/workspace/python/pytorch_samples/datasets/pokemon/0妙蛙种子/00000226.png,0,4
/home/yipeng/workspace/python/pytorch_samples/datasets/pokemon/0妙蛙种子/00000178.jpg,0,4
/home/yipeng/workspace/python/pytorch_samples/datasets/pokemon/0妙蛙种子/00000021.png,0,0
/home/yipeng/workspace/python/pytorch_samples/datasets/pokemon/3皮卡丘/00000207.jpg,3,3
/home/yipeng/workspace/python/pytorch_samples/datasets/pokemon/1小火龙/00000050.png,1,1
/home/yipeng/workspace/python/pytorch_samples/datasets/pokemon/1小火龙/00000202.jpg,1,1
/home/yipeng/workspace/python/pytorch_samples/datasets/pokemon/2超梦/00000153.png,2,0
/home/yipeng/workspace/python/pytorch_samples/datasets/pokemon/3皮卡丘/00000044.jpg,3,3
/home/yipeng/workspace/python/pytorch_samples/datasets/pokemon/4杰尼龟/00000177.jpg,4,4
/home/yipeng/workspace/python/pytorch_samples/datasets/pokemon/4杰尼龟/00000139.jpg,4,4
/home/yipeng/workspace/python/pytorch_samples/datasets/pokemon/4杰尼龟/00000223.jpg,4,4
/home/yipeng/workspace/python/pytorch_samples/datasets/pokemon/0妙蛙种子/00000070.png,0,0
/home/yipeng/workspace/python/pytorch_samples/datasets/pokemon/4杰尼龟/00000037.jpg,4,4
/home/yipeng/workspace/python/pytorch_samples/datasets/pokemon/4杰尼龟/00000122.jpg,4,4
/home/yipeng/workspace/python/pytorch_samples/datasets/pokemon/1小火龙/00000156.jpg,1,1
/home/yipeng/workspace/python/pytorch_samples/datasets/pokemon/2超梦/00000097.jpg,2,2
/home/yipeng/workspace/python/pytorch_samples/datasets/pokemon/4杰尼龟/00000185.jpg,4,4
/home/yipeng/workspace/python/pytorch_samples/datasets/pokemon/3皮卡丘/00000223.png,3,3
/home/yipeng/workspace/python/pytorch_samples/datasets/pokemon/4杰尼龟/00000013.jpg,4,4
/home/yipeng/workspace/python/pytorch_samples/datasets/pokemon/1小火龙/00000053.jpg,1,1
/home/yipeng/workspace/python/pytorch_samples/datasets/pokemon/0妙蛙种子/00000041.png,0,5
/home/yipeng/workspace/python/pytorch_samples/datasets/pokemon/1小火龙/00000092.jpg,1,1
/home/yipeng/workspace/python/pytorch_samples/datasets/pokemon/3皮卡丘/00000076.png,3,3
/home/yipeng/workspace/python/pytorch_samples/datasets/pokemon/3皮卡丘/00000216.jpg,3,3
/home/yipeng/workspace/python/pytorch_samples/datasets/pokemon/1小火龙/00000211.jpg,1,1
/home/yipeng/workspace/python/pytorch_samples/datasets/pokemon/0妙蛙种子/00000052.jpg,0,0
/home/yipeng/workspace/python/pytorch_samples/datasets/pokemon/4杰尼龟/00000067.jpg,4,4
/home/yipeng/workspace/python/pytorch_samples/datasets/pokemon/1小火龙/00000102.png,1,1
/home/yipeng/workspace/python/pytorch_samples/datasets/pokemon/0妙蛙种子/00000092.jpg,0,0
/home/yipeng/workspace/python/pytorch_samples/datasets/pokemon/2超梦/00000041.png,2,2
/home/yipeng/workspace/python/pytorch_samples/datasets/pokemon/0妙蛙种子/00000167.jpg,0,0
/home/yipeng/workspace/python/pytorch_samples/datasets/pokemon/2超梦/00000019.jpg,2,2
/home/yipeng/workspace/python/pytorch_samples/datasets/pokemon/0妙蛙种子/00000174.jpg,0,0
/home/yipeng/workspace/python/pytorch_samples/datasets/pokemon/2超梦/00000127.jpg,2,2
/home/yipeng/workspace/python/pytorch_samples/datasets/pokemon/4杰尼龟/00000065.png,4,4
/home/yipeng/workspace/python/pytorch_samples/datasets/pokemon/1小火龙/00000088.jpg,1,1
/home/yipeng/workspace/python/pytorch_samples/datasets/pokemon/2超梦/00000104.jpg,2,2
/home/yipeng/workspace/python/pytorch_samples/datasets/pokemon/1小火龙/00000213.jpg,1,1
/home/yipeng/workspace/python/pytorch_samples/datasets/pokemon/0妙蛙种子/00000152.jpg,0,6
/home/yipeng/workspace/python/pytorch_samples/datasets/pokemon/1小火龙/00000005.png,1,1
/home/yipeng/workspace/python/pytorch_samples/datasets/pokemon/1小火龙/00000078.png,1,1
/home/yipeng/workspace/python/pytorch_samples/datasets/pokemon/0妙蛙种子/00000104.png,0,0
/home/yipeng/workspace/python/pytorch_samples/datasets/pokemon/3皮卡丘/00000095.jpg,3,3
/home/yipeng/workspace/python/pytorch_samples/datasets/pokemon/2超梦/00000001.jpg,2,2
/home/yipeng/workspace/python/pytorch_samples/datasets/pokemon/4杰尼龟/00000050.png,4,4
/home/yipeng/workspace/python/pytorch_samples/datasets/pokemon/4杰尼龟/00000035.jpg,4,4
/home/yipeng/workspace/python/pytorch_samples/datasets/pokemon/3皮卡丘/00000062.jpg,3,3
/home/yipeng/workspace/python/pytorch_samples/datasets/pokemon/1小火龙/00000111.jpg,1,1
/home/yipeng/workspace/python/pytorch_samples/datasets/pokemon/0妙蛙种子/00000129.jpg,0,0
/home/yipeng/workspace/python/pytorch_samples/datasets/pokemon/0妙蛙种子/00000049.jpg,0,0
/home/yipeng/workspace/python/pytorch_samples/datasets/pokemon/2超梦/00000079.jpg,2,2
/home/yipeng/workspace/python/pytorch_samples/datasets/pokemon/0妙蛙种子/00000227.png,0,0
/home/yipeng/workspace/python/pytorch_samples/datasets/pokemon/1小火龙/00000047.png,1,1
/home/yipeng/workspace/python/pytorch_samples/datasets/pokemon/1小火龙/00000043.jpg,1,1
/home/yipeng/workspace/python/pytorch_samples/datasets/pokemon/3皮卡丘/00000150.jpg,3,3
/home/yipeng/workspace/python/pytorch_samples/datasets/pokemon/3皮卡丘/00000108.png,3,3
/home/yipeng/workspace/python/pytorch_samples/datasets/pokemon/0妙蛙种子/00000053.jpg,0,0
/home/yipeng/workspace/python/pytorch_samples/datasets/pokemon/3皮卡丘/00000212.jpg,3,3
/home/yipeng/workspace/python/pytorch_samples/datasets/pokemon/0妙蛙种子/00000013.png,0,0
/home/yipeng/workspace/python/pytorch_samples/datasets/pokemon/0妙蛙种子/00000072.png,0,0
/home/yipeng/workspace/python/pytorch_samples/datasets/pokemon/4杰尼龟/00000123.jpg,4,4
/home/yipeng/workspace/python/pytorch_samples/datasets/pokemon/2超梦/00000122.jpg,2,2
/home/yipeng/workspace/python/pytorch_samples/datasets/pokemon/4杰尼龟/00000210.png,4,4
/home/yipeng/workspace/python/pytorch_samples/datasets/pokemon/3皮卡丘/00000145.jpg,3,3
/home/yipeng/workspace/python/pytorch_samples/datasets/pokemon/3皮卡丘/00000068.png,3,3
/home/yipeng/workspace/python/pytorch_samples/datasets/pokemon/1小火龙/00000138.jpg,1,1
/home/yipeng/workspace/python/pytorch_samples/datasets/pokemon/2超梦/00000149.jpg,2,2
/home/yipeng/workspace/python/pytorch_samples/datasets/pokemon/3皮卡丘/00000142.jpg,3,3
/home/yipeng/workspace/python/pytorch_samples/datasets/pokemon/2超梦/00000003.jpg,2,2
/home/yipeng/workspace/python/pytorch_samples/datasets/pokemon/1小火龙/00000002.jpg,1,1
/home/yipeng/workspace/python/pytorch_samples/datasets/pokemon/3皮卡丘/00000100.jpg,3,3
/home/yipeng/workspace/python/pytorch_samples/datasets/pokemon/1小火龙/00000030.png,1,1
/home/yipeng/workspace/python/pytorch_samples/datasets/pokemon/4杰尼龟/00000202.jpg,4,4
/home/yipeng/workspace/python/pytorch_samples/datasets/pokemon/0妙蛙种子/00000038.jpg,0,0
/home/yipeng/workspace/python/pytorch_samples/datasets/pokemon/2超梦/00000237.png,2,0
/home/yipeng/workspace/python/pytorch_samples/datasets/pokemon/4杰尼龟/00000043.png,4,4
/home/yipeng/workspace/python/pytorch_samples/datasets/pokemon/0妙蛙种子/00000100.jpg,0,0
/home/yipeng/workspace/python/pytorch_samples/datasets/pokemon/4杰尼龟/00000227.jpg,4,4
/home/yipeng/workspace/python/pytorch_samples/datasets/pokemon/4杰尼龟/00000199.png,4,4
/home/yipeng/workspace/python/pytorch_samples/datasets/pokemon/0妙蛙种子/00000229.jpg,0,0
/home/yipeng/workspace/python/pytorch_samples/datasets/pokemon/1小火龙/00000068.png,1,1
/home/yipeng/workspace/python/pytorch_samples/datasets/pokemon/1小火龙/00000007.jpg,1,1
/home/yipeng/workspace/python/pytorch_samples/datasets/pokemon/1小火龙/00000060.jpg,1,1
/home/yipeng/workspace/python/pytorch_samples/datasets/pokemon/0妙蛙种子/00000010.png,0,0
/home/yipeng/workspace/python/pytorch_samples/datasets/pokemon/3皮卡丘/00000127.jpg,3,3
/home/yipeng/workspace/python/pytorch_samples/datasets/pokemon/1小火龙/00000241.jpg,1,1
/home/yipeng/workspace/python/pytorch_samples/datasets/pokemon/1小火龙/00000089.jpg,1,1
/home/yipeng/workspace/python/pytorch_samples/datasets/pokemon/1小火龙/00000177.jpg,1,1
/home/yipeng/workspace/python/pytorch_samples/datasets/pokemon/4杰尼龟/00000018.jpg,4,4
/home/yipeng/workspace/python/pytorch_samples/datasets/pokemon/3皮卡丘/00000025.png,3,3
/home/yipeng/workspace/python/pytorch_samples/datasets/pokemon/1小火龙/00000230.png,1,1
/home/yipeng/workspace/python/pytorch_samples/datasets/pokemon/4杰尼龟/00000038.jpg,4,4
/home/yipeng/workspace/python/pytorch_samples/datasets/pokemon/1小火龙/00000062.png,1,1
/home/yipeng/workspace/python/pytorch_samples/datasets/pokemon/4杰尼龟/00000055.jpg,4,4
/home/yipeng/workspace/python/pytorch_samples/datasets/pokemon/2超梦/00000095.png,2,2
/home/yipeng/workspace/python/pytorch_samples/datasets/pokemon/3皮卡丘/00000192.jpg,3,3
/home/yipeng/workspace/python/pytorch_samples/datasets/pokemon/2超梦/00000087.jpg,2,2
/home/yipeng/workspace/python/pytorch_samples/datasets/pokemon/3皮卡丘/00000167.jpg,3,3
/home/yipeng/workspace/python/pytorch_samples/datasets/pokemon/0妙蛙种子/00000043.jpg,0,0
/home/yipeng/workspace/python/pytorch_samples/datasets/pokemon/2超梦/00000207.png,2,2
/home/yipeng/workspace/python/pytorch_samples/datasets/pokemon/1小火龙/00000181.jpg,1,1
/home/yipeng/workspace/python/pytorch_samples/datasets/pokemon/2超梦/00000233.png,2,2
/home/yipeng/workspace/python/pytorch_samples/datasets/pokemon/2超梦/00000179.jpg,2,2
/home/yipeng/workspace/python/pytorch_samples/datasets/pokemon/1小火龙/00000023.jpg,1,3
/home/yipeng/workspace/python/pytorch_samples/datasets/pokemon/3皮卡丘/00000186.png,3,3
/home/yipeng/workspace/python/pytorch_samples/datasets/pokemon/3皮卡丘/00000111.png,3,3
/home/yipeng/workspace/python/pytorch_samples/datasets/pokemon/3皮卡丘/00000233.png,3,3
/home/yipeng/workspace/python/pytorch_samples/datasets/pokemon/4杰尼龟/00000008.png,4,4
/home/yipeng/workspace/python/pytorch_samples/datasets/pokemon/1小火龙/00000130.png,1,1
/home/yipeng/workspace/python/pytorch_samples/datasets/pokemon/4杰尼龟/00000019.jpg,4,4
/home/yipeng/workspace/python/pytorch_samples/datasets/pokemon/1小火龙/00000139.jpg,1,1
/home/yipeng/workspace/python/pytorch_samples/datasets/pokemon/3皮卡丘/00000191.jpg,3,3
/home/yipeng/workspace/python/pytorch_samples/datasets/pokemon/4杰尼龟/00000028.jpg,4,4
/home/yipeng/workspace/python/pytorch_samples/datasets/pokemon/2超梦/00000031.png,2,2
/home/yipeng/workspace/python/pytorch_samples/datasets/pokemon/3皮卡丘/00000126.jpg,3,3
/home/yipeng/workspace/python/pytorch_samples/datasets/pokemon/4杰尼龟/00000193.jpg,4,4
/home/yipeng/workspace/python/pytorch_samples/datasets/pokemon/4杰尼龟/00000061.png,4,4
/home/yipeng/workspace/python/pytorch_samples/datasets/pokemon/3皮卡丘/00000197.jpg,3,3
/home/yipeng/workspace/python/pytorch_samples/datasets/pokemon/2超梦/00000143.jpg,2,2
/home/yipeng/workspace/python/pytorch_samples/datasets/pokemon/2超梦/00000239.jpg,2,2
/home/yipeng/workspace/python/pytorch_samples/datasets/pokemon/4杰尼龟/00000141.jpg,4,0
/home/yipeng/workspace/python/pytorch_samples/datasets/pokemon/3皮卡丘/00000172.jpg,3,3
/home/yipeng/workspace/python/pytorch_samples/datasets/pokemon/3皮卡丘/00000121.png,3,3
/home/yipeng/workspace/python/pytorch_samples/datasets/pokemon/0妙蛙种子/00000061.jpg,0,0
/home/yipeng/workspace/python/pytorch_samples/datasets/pokemon/4杰尼龟/00000040.png,4,4
/home/yipeng/workspace/python/pytorch_samples/datasets/pokemon/2超梦/00000072.png,2,7
/home/yipeng/workspace/python/pytorch_samples/datasets/pokemon/3皮卡丘/00000232.png,3,3
/home/yipeng/workspace/python/pytorch_samples/datasets/pokemon/3皮卡丘/00000189.jpg,3,3
/home/yipeng/workspace/python/pytorch_samples/datasets/pokemon/1小火龙/00000143.jpg,1,1
/home/yipeng/workspace/python/pytorch_samples/datasets/pokemon/0妙蛙种子/00000045.png,0,0
/home/yipeng/workspace/python/pytorch_samples/datasets/pokemon/0妙蛙种子/00000157.png,0,0
/home/yipeng/workspace/python/pytorch_samples/datasets/pokemon/0妙蛙种子/00000177.png,0,0
/home/yipeng/workspace/python/pytorch_samples/datasets/pokemon/1小火龙/00000186.jpg,1,1
/home/yipeng/workspace/python/pytorch_samples/datasets/pokemon/1小火龙/00000032.jpg,1,1
/home/yipeng/workspace/python/pytorch_samples/datasets/pokemon/3皮卡丘/00000195.jpg,3,3
/home/yipeng/workspace/python/pytorch_samples/datasets/pokemon/1小火龙/00000217.png,1,1
/home/yipeng/workspace/python/pytorch_samples/datasets/pokemon/0妙蛙种子/00000239.jpg,0,0
/home/yipeng/workspace/python/pytorch_samples/datasets/pokemon/4杰尼龟/00000116.jpg,4,4
/home/yipeng/workspace/python/pytorch_samples/datasets/pokemon/3皮卡丘/00000049.png,3,3
/home/yipeng/workspace/python/pytorch_samples/datasets/pokemon/3皮卡丘/00000219.jpg,3,3
/home/yipeng/workspace/python/pytorch_samples/datasets/pokemon/4杰尼龟/00000162.jpg,4,4
/home/yipeng/workspace/python/pytorch_samples/datasets/pokemon/0妙蛙种子/00000051.jpg,0,0
/home/yipeng/workspace/python/pytorch_samples/datasets/pokemon/2超梦/00000209.png,2,2
/home/yipeng/workspace/python/pytorch_samples/datasets/pokemon/4杰尼龟/00000014.jpg,4,4
/home/yipeng/workspace/python/pytorch_samples/datasets/pokemon/0妙蛙种子/00000155.jpg,0,0
/home/yipeng/workspace/python/pytorch_samples/datasets/pokemon/4杰尼龟/00000198.jpg,4,4
/home/yipeng/workspace/python/pytorch_samples/datasets/pokemon/3皮卡丘/00000056.jpg,3,3
/home/yipeng/workspace/python/pytorch_samples/datasets/pokemon/0妙蛙种子/00000065.jpg,0,0
/home/yipeng/workspace/python/pytorch_samples/datasets/pokemon/1小火龙/00000167.jpg,1,1
/home/yipeng/workspace/python/pytorch_samples/datasets/pokemon/3皮卡丘/00000069.png,3,3
/home/yipeng/workspace/python/pytorch_samples/datasets/pokemon/3皮卡丘/00000015.png,3,3
/home/yipeng/workspace/python/pytorch_samples/datasets/pokemon/2超梦/00000232.jpg,2,2
/home/yipeng/workspace/python/pytorch_samples/datasets/pokemon/4杰尼龟/00000155.jpg,4,4
/home/yipeng/workspace/python/pytorch_samples/datasets/pokemon/2超梦/00000057.png,2,2
/home/yipeng/workspace/python/pytorch_samples/datasets/pokemon/1小火龙/00000223.png,1,1
/home/yipeng/workspace/python/pytorch_samples/datasets/pokemon/3皮卡丘/00000154.jpg,3,3
/home/yipeng/workspace/python/pytorch_samples/datasets/pokemon/4杰尼龟/00000005.png,4,4
/home/yipeng/workspace/python/pytorch_samples/datasets/pokemon/3皮卡丘/00000071.png,3,3
/home/yipeng/workspace/python/pytorch_samples/datasets/pokemon/3皮卡丘/00000028.jpg,3,3
/home/yipeng/workspace/python/pytorch_samples/datasets/pokemon/1小火龙/00000018.png,1,1
/home/yipeng/workspace/python/pytorch_samples/datasets/pokemon/0妙蛙种子/00000168.jpg,0,0
/home/yipeng/workspace/python/pytorch_samples/datasets/pokemon/3皮卡丘/00000098.jpg,3,3
/home/yipeng/workspace/python/pytorch_samples/datasets/pokemon/2超梦/00000010.png,2,2
/home/yipeng/workspace/python/pytorch_samples/datasets/pokemon/0妙蛙种子/00000084.jpg,0,0
/home/yipeng/workspace/python/pytorch_samples/datasets/pokemon/3皮卡丘/00000125.jpg,3,3
/home/yipeng/workspace/python/pytorch_samples/datasets/pokemon/0妙蛙种子/00000162.png,0,0
/home/yipeng/workspace/python/pytorch_samples/datasets/pokemon/0妙蛙种子/00000225.jpg,0,0
/home/yipeng/workspace/python/pytorch_samples/datasets/pokemon/1小火龙/00000014.jpg,1,1
/home/yipeng/workspace/python/pytorch_samples/datasets/pokemon/2超梦/00000208.png,2,2
/home/yipeng/workspace/python/pytorch_samples/datasets/pokemon/2超梦/00000024.jpg,2,2
/home/yipeng/workspace/python/pytorch_samples/datasets/pokemon/4杰尼龟/00000092.jpg,4,4
/home/yipeng/workspace/python/pytorch_samples/datasets/pokemon/4杰尼龟/00000140.png,4,4
/home/yipeng/workspace/python/pytorch_samples/datasets/pokemon/1小火龙/00000146.png,1,1
/home/yipeng/workspace/python/pytorch_samples/datasets/pokemon/1小火龙/00000098.jpg,1,1
/home/yipeng/workspace/python/pytorch_samples/datasets/pokemon/0妙蛙种子/00000165.jpg,0,0
/home/yipeng/workspace/python/pytorch_samples/datasets/pokemon/1小火龙/00000231.jpg,1,1
/home/yipeng/workspace/python/pytorch_samples/datasets/pokemon/4杰尼龟/00000169.png,4,4
/home/yipeng/workspace/python/pytorch_samples/datasets/pokemon/4杰尼龟/00000176.jpeg,4,4
/home/yipeng/workspace/python/pytorch_samples/datasets/pokemon/2超梦/00000185.png,2,2
/home/yipeng/workspace/python/pytorch_samples/datasets/pokemon/0妙蛙种子/00000171.png,0,0
/home/yipeng/workspace/python/pytorch_samples/datasets/pokemon/4杰尼龟/00000030.jpg,4,0
/home/yipeng/workspace/python/pytorch_samples/datasets/pokemon/3皮卡丘/00000037.jpg,3,3
/home/yipeng/workspace/python/pytorch_samples/datasets/pokemon/0妙蛙种子/00000115.png,0,0
/home/yipeng/workspace/python/pytorch_samples/datasets/pokemon/4杰尼龟/00000082.jpg,4,4
/home/yipeng/workspace/python/pytorch_samples/datasets/pokemon/0妙蛙种子/00000062.jpg,0,0
/home/yipeng/workspace/python/pytorch_samples/datasets/pokemon/1小火龙/00000164.jpg,1,1
/home/yipeng/workspace/python/pytorch_samples/datasets/pokemon/3皮卡丘/00000136.jpg,3,3
/home/yipeng/workspace/python/pytorch_samples/datasets/pokemon/3皮卡丘/00000211.png,3,3
/home/yipeng/workspace/python/pytorch_samples/datasets/pokemon/4杰尼龟/00000056.png,4,4
/home/yipeng/workspace/python/pytorch_samples/datasets/pokemon/4杰尼龟/00000136.png,4,4
/home/yipeng/workspace/python/pytorch_samples/datasets/pokemon/0妙蛙种子/00000078.jpg,0,0
/home/yipeng/workspace/python/pytorch_samples/datasets/pokemon/3皮卡丘/00000180.jpg,3,3
/home/yipeng/workspace/python/pytorch_samples/datasets/pokemon/3皮卡丘/00000052.png,3,3
/home/yipeng/workspace/python/pytorch_samples/datasets/pokemon/2超梦/00000026.png,2,2
/home/yipeng/workspace/python/pytorch_samples/datasets/pokemon/2超梦/00000002.jpg,2,2
/home/yipeng/workspace/python/pytorch_samples/datasets/pokemon/4杰尼龟/00000032.jpg,4,4
/home/yipeng/workspace/python/pytorch_samples/datasets/pokemon/4杰尼龟/00000158.jpg,4,4
/home/yipeng/workspace/python/pytorch_samples/datasets/pokemon/1小火龙/00000010.png,1,1
/home/yipeng/workspace/python/pytorch_samples/datasets/pokemon/2超梦/00000175.png,2,2
/home/yipeng/workspace/python/pytorch_samples/datasets/pokemon/2超梦/00000137.png,2,0
/home/yipeng/workspace/python/pytorch_samples/datasets/pokemon/3皮卡丘/00000059.jpg,3,3
/home/yipeng/workspace/python/pytorch_samples/datasets/pokemon/2超梦/00000059.jpg,2,2
/home/yipeng/workspace/python/pytorch_samples/datasets/pokemon/1小火龙/00000116.jpg,1,1
/home/yipeng/workspace/python/pytorch_samples/datasets/pokemon/0妙蛙种子/00000067.jpg,0,0
/home/yipeng/workspace/python/pytorch_samples/datasets/pokemon/3皮卡丘/00000135.png,3,3
/home/yipeng/workspace/python/pytorch_samples/datasets/pokemon/2超梦/00000160.png,2,2
/home/yipeng/workspace/python/pytorch_samples/datasets/pokemon/2超梦/00000219.jpg,2,2
/home/yipeng/workspace/python/pytorch_samples/datasets/pokemon/2超梦/00000202.png,2,2
/home/yipeng/workspace/python/pytorch_samples/datasets/pokemon/2超梦/00000217.png,2,2
/home/yipeng/workspace/python/pytorch_samples/datasets/pokemon/4杰尼龟/00000181.jpg,4,4
/home/yipeng/workspace/python/pytorch_samples/datasets/pokemon/4杰尼龟/00000072.jpg,4,4
/home/yipeng/workspace/python/pytorch_samples/datasets/pokemon/2超梦/00000150.jpg,2,2
/home/yipeng/workspace/python/pytorch_samples/datasets/pokemon/4杰尼龟/00000211.png,4,4
/home/yipeng/workspace/python/pytorch_samples/datasets/pokemon/0妙蛙种子/00000183.jpg,0,0
/home/yipeng/workspace/python/pytorch_samples/datasets/pokemon/0妙蛙种子/00000048.png,0,0
/home/yipeng/workspace/python/pytorch_samples/datasets/pokemon/2超梦/00000170.jpg,2,2
/home/yipeng/workspace/python/pytorch_samples/datasets/pokemon/3皮卡丘/00000070.png,3,3
/home/yipeng/workspace/python/pytorch_samples/datasets/pokemon/1小火龙/00000059.jpg,1,1
/home/yipeng/workspace/python/pytorch_samples/datasets/pokemon/0妙蛙种子/00000035.jpg,0,0
/home/yipeng/workspace/python/pytorch_samples/datasets/pokemon/2超梦/00000015.png,2,2
/home/yipeng/workspace/python/pytorch_samples/datasets/pokemon/4杰尼龟/00000004.png,4,4
/home/yipeng/workspace/python/pytorch_samples/datasets/pokemon/0妙蛙种子/00000088.png,0,0
/home/yipeng/workspace/python/pytorch_samples/datasets/pokemon/2超梦/00000234.jpg,2,2
/home/yipeng/workspace/python/pytorch_samples/datasets/pokemon/3皮卡丘/00000081.jpg,3,3
/home/yipeng/workspace/python/pytorch_samples/datasets/pokemon/3皮卡丘/00000235.jpg,3,3
/home/yipeng/workspace/python/pytorch_samples/datasets/pokemon/1小火龙/00000196.jpg,1,1
/home/yipeng/workspace/python/pytorch_samples/datasets/pokemon/1小火龙/00000119.jpg,1,1
/home/yipeng/workspace/python/pytorch_samples/datasets/pokemon/0妙蛙种子/00000186.png,0,0
/home/yipeng/workspace/python/pytorch_samples/datasets/pokemon/0妙蛙种子/00000081.jpg,0,0
/home/yipeng/workspace/python/pytorch_samples/datasets/pokemon/2超梦/00000066.jpg,2,2
/home/yipeng/workspace/python/pytorch_samples/datasets/pokemon/3皮卡丘/00000079.jpg,3,3
/home/yipeng/workspace/python/pytorch_samples/datasets/pokemon/3皮卡丘/00000032.jpg,3,3
/home/yipeng/workspace/python/pytorch_samples/datasets/pokemon/4杰尼龟/00000109.png,4,4
/home/yipeng/workspace/python/pytorch_samples/datasets/pokemon/2超梦/00000029.jpg,2,2
/home/yipeng/workspace/python/pytorch_samples/datasets/pokemon/2超梦/00000168.png,2,6
/home/yipeng/workspace/python/pytorch_samples/datasets/pokemon/4杰尼龟/00000157.jpg,4,4
/home/yipeng/workspace/python/pytorch_samples/datasets/pokemon/0妙蛙种子/00000085.png,0,0
/home/yipeng/workspace/python/pytorch_samples/datasets/pokemon/2超梦/00000151.jpg,2,2
/home/yipeng/workspace/python/pytorch_samples/datasets/pokemon/0妙蛙种子/00000077.jpg,0,0
/home/yipeng/workspace/python/pytorch_samples/datasets/pokemon/4杰尼龟/00000000.png,4,4
/home/yipeng/workspace/python/pytorch_samples/datasets/pokemon/3皮卡丘/00000012.png,3,3
/home/yipeng/workspace/python/pytorch_samples/datasets/pokemon/0妙蛙种子/00000185.png,0,0
/home/yipeng/workspace/python/pytorch_samples/datasets/pokemon/2超梦/00000199.jpg,2,2
/home/yipeng/workspace/python/pytorch_samples/datasets/pokemon/2超梦/00000030.png,2,2
/home/yipeng/workspace/python/pytorch_samples/datasets/pokemon/1小火龙/00000051.jpg,1,1
/home/yipeng/workspace/python/pytorch_samples/datasets/pokemon/0妙蛙种子/00000024.png,0,0
/home/yipeng/workspace/python/pytorch_samples/datasets/pokemon/3皮卡丘/00000096.jpg,3,3
/home/yipeng/workspace/python/pytorch_samples/datasets/pokemon/0妙蛙种子/00000233.jpg,0,0
/home/yipeng/workspace/python/pytorch_samples/datasets/pokemon/2超梦/00000075.jpg,2,2
/home/yipeng/workspace/python/pytorch_samples/datasets/pokemon/0妙蛙种子/00000008.png,0,0
/home/yipeng/workspace/python/pytorch_samples/datasets/pokemon/3皮卡丘/00000094.jpg,3,3
/home/yipeng/workspace/python/pytorch_samples/datasets/pokemon/1小火龙/00000041.jpg,1,1
/home/yipeng/workspace/python/pytorch_samples/datasets/pokemon/4杰尼龟/00000073.png,4,4
/home/yipeng/workspace/python/pytorch_samples/datasets/pokemon/2超梦/00000012.jpg,2,2
/home/yipeng/workspace/python/pytorch_samples/datasets/pokemon/3皮卡丘/00000137.jpg,3,3
/home/yipeng/workspace/python/pytorch_samples/datasets/pokemon/3皮卡丘/00000133.png,3,3
/home/yipeng/workspace/python/pytorch_samples/datasets/pokemon/3皮卡丘/00000173.jpg,3,3
/home/yipeng/workspace/python/pytorch_samples/datasets/pokemon/1小火龙/00000003.png,1,1
/home/yipeng/workspace/python/pytorch_samples/datasets/pokemon/4杰尼龟/00000069.png,4,4
/home/yipeng/workspace/python/pytorch_samples/datasets/pokemon/3皮卡丘/00000184.jpg,3,3
/home/yipeng/workspace/python/pytorch_samples/datasets/pokemon/0妙蛙种子/00000223.jpg,0,0
/home/yipeng/workspace/python/pytorch_samples/datasets/pokemon/0妙蛙种子/00000108.jpg,0,0
/home/yipeng/workspace/python/pytorch_samples/datasets/pokemon/3皮卡丘/00000215.png,3,3
/home/yipeng/workspace/python/pytorch_samples/datasets/pokemon/1小火龙/00000238.png,1,1
/home/yipeng/workspace/python/pytorch_samples/datasets/pokemon/0妙蛙种子/00000097.png,0,0
/home/yipeng/workspace/python/pytorch_samples/datasets/pokemon/3皮卡丘/00000010.png,3,3
/home/yipeng/workspace/python/pytorch_samples/datasets/pokemon/3皮卡丘/00000018.jpg,3,3
/home/yipeng/workspace/python/pytorch_samples/datasets/pokemon/4杰尼龟/00000154.jpg,4,4
/home/yipeng/workspace/python/pytorch_samples/datasets/pokemon/2超梦/00000100.png,2,2
/home/yipeng/workspace/python/pytorch_samples/datasets/pokemon/2超梦/00000206.png,2,2
/home/yipeng/workspace/python/pytorch_samples/datasets/pokemon/1小火龙/00000212.jpg,1,1
/home/yipeng/workspace/python/pytorch_samples/datasets/pokemon/0妙蛙种子/00000166.jpg,0,0
/home/yipeng/workspace/python/pytorch_samples/datasets/pokemon/1小火龙/00000134.jpg,1,1
/home/yipeng/workspace/python/pytorch_samples/datasets/pokemon/2超梦/00000093.jpg,2,2
/home/yipeng/workspace/python/pytorch_samples/datasets/pokemon/4杰尼龟/00000180.jpg,4,4
/home/yipeng/workspace/python/pytorch_samples/datasets/pokemon/2超梦/00000062.png,2,2
/home/yipeng/workspace/python/pytorch_samples/datasets/pokemon/2超梦/00000111.png,2,2
/home/yipeng/workspace/python/pytorch_samples/datasets/pokemon/4杰尼龟/00000041.jpg,4,4
/home/yipeng/workspace/python/pytorch_samples/datasets/pokemon/3皮卡丘/00000164.jpg,3,3
/home/yipeng/workspace/python/pytorch_samples/datasets/pokemon/3皮卡丘/00000176.jpg,3,3
/home/yipeng/workspace/python/pytorch_samples/datasets/pokemon/2超梦/00000244.jpg,2,2
/home/yipeng/workspace/python/pytorch_samples/datasets/pokemon/4杰尼龟/00000152.jpg,4,4
/home/yipeng/workspace/python/pytorch_samples/datasets/pokemon/0妙蛙种子/00000216.jpg,0,0
/home/yipeng/workspace/python/pytorch_samples/datasets/pokemon/1小火龙/00000124.jpg,1,1
/home/yipeng/workspace/python/pytorch_samples/datasets/pokemon/2超梦/00000190.jpg,2,2
/home/yipeng/workspace/python/pytorch_samples/datasets/pokemon/4杰尼龟/00000153.jpg,4,4
/home/yipeng/workspace/python/pytorch_samples/datasets/pokemon/1小火龙/00000056.png,1,1
/home/yipeng/workspace/python/pytorch_samples/datasets/pokemon/1小火龙/00000215.jpg,1,1
/home/yipeng/workspace/python/pytorch_samples/datasets/pokemon/1小火龙/00000122.jpg,1,1
/home/yipeng/workspace/python/pytorch_samples/datasets/pokemon/4杰尼龟/00000058.png,4,4
/home/yipeng/workspace/python/pytorch_samples/datasets/pokemon/2超梦/00000120.jpg,2,2
/home/yipeng/workspace/python/pytorch_samples/datasets/pokemon/1小火龙/00000180.jpg,1,1
/home/yipeng/workspace/python/pytorch_samples/datasets/pokemon/2超梦/00000152.png,2,2
/home/yipeng/workspace/python/pytorch_samples/datasets/pokemon/0妙蛙种子/00000189.png,0,0
/home/yipeng/workspace/python/pytorch_samples/datasets/pokemon/0妙蛙种子/00000076.png,0,0
/home/yipeng/workspace/python/pytorch_samples/datasets/pokemon/2超梦/00000055.png,2,2
/home/yipeng/workspace/python/pytorch_samples/datasets/pokemon/2超梦/00000040.png,2,2
/home/yipeng/workspace/python/pytorch_samples/datasets/pokemon/0妙蛙种子/00000040.jpg,0,0
/home/yipeng/workspace/python/pytorch_samples/datasets/pokemon/0妙蛙种子/00000090.png,0,0
/home/yipeng/workspace/python/pytorch_samples/datasets/pokemon/4杰尼龟/00000163.png,4,4
/home/yipeng/workspace/python/pytorch_samples/datasets/pokemon/0妙蛙种子/00000031.png,0,0
/home/yipeng/workspace/python/pytorch_samples/datasets/pokemon/2超梦/00000106.png,2,2
/home/yipeng/workspace/python/pytorch_samples/datasets/pokemon/3皮卡丘/00000000.jpg,3,3
/home/yipeng/workspace/python/pytorch_samples/datasets/pokemon/1小火龙/00000107.png,1,3
/home/yipeng/workspace/python/pytorch_samples/datasets/pokemon/1小火龙/00000086.jpg,1,1
/home/yipeng/workspace/python/pytorch_samples/datasets/pokemon/1小火龙/00000200.jpg,1,1
/home/yipeng/workspace/python/pytorch_samples/datasets/pokemon/1小火龙/00000026.png,1,1
/home/yipeng/workspace/python/pytorch_samples/datasets/pokemon/3皮卡丘/00000177.png,3,3
/home/yipeng/workspace/python/pytorch_samples/datasets/pokemon/0妙蛙种子/00000089.png,0,0
/home/yipeng/workspace/python/pytorch_samples/datasets/pokemon/3皮卡丘/00000188.jpg,3,3
/home/yipeng/workspace/python/pytorch_samples/datasets/pokemon/1小火龙/00000048.png,1,1
/home/yipeng/workspace/python/pytorch_samples/datasets/pokemon/3皮卡丘/00000228.png,3,3
/home/yipeng/workspace/python/pytorch_samples/datasets/pokemon/4杰尼龟/00000091.jpg,4,4
/home/yipeng/workspace/python/pytorch_samples/datasets/pokemon/0妙蛙种子/00000044.jpg,0,0
/home/yipeng/workspace/python/pytorch_samples/datasets/pokemon/2超梦/00000210.jpg,2,2
/home/yipeng/workspace/python/pytorch_samples/datasets/pokemon/1小火龙/00000096.png,1,1
/home/yipeng/workspace/python/pytorch_samples/datasets/pokemon/0妙蛙种子/00000212.png,0,4
/home/yipeng/workspace/python/pytorch_samples/datasets/pokemon/4杰尼龟/00000146.png,4,4
/home/yipeng/workspace/python/pytorch_samples/datasets/pokemon/3皮卡丘/00000124.jpg,3,3
/home/yipeng/workspace/python/pytorch_samples/datasets/pokemon/1小火龙/00000104.jpg,1,1
/home/yipeng/workspace/python/pytorch_samples/datasets/pokemon/0妙蛙种子/00000197.jpg,0,0
/home/yipeng/workspace/python/pytorch_samples/datasets/pokemon/3皮卡丘/00000199.jpg,3,3
/home/yipeng/workspace/python/pytorch_samples/datasets/pokemon/0妙蛙种子/00000030.jpg,0,0
/home/yipeng/workspace/python/pytorch_samples/datasets/pokemon/2超梦/00000080.png,2,5
/home/yipeng/workspace/python/pytorch_samples/datasets/pokemon/3皮卡丘/00000113.jpg,3,3
/home/yipeng/workspace/python/pytorch_samples/datasets/pokemon/1小火龙/00000049.jpg,1,1
/home/yipeng/workspace/python/pytorch_samples/datasets/pokemon/2超梦/00000147.png,2,2
/home/yipeng/workspace/python/pytorch_samples/datasets/pokemon/1小火龙/00000154.png,1,1
/home/yipeng/workspace/python/pytorch_samples/datasets/pokemon/3皮卡丘/00000046.jpg,3,3
/home/yipeng/workspace/python/pytorch_samples/datasets/pokemon/2超梦/00000081.png,2,2
/home/yipeng/workspace/python/pytorch_samples/datasets/pokemon/2超梦/00000105.jpg,2,2
/home/yipeng/workspace/python/pytorch_samples/datasets/pokemon/1小火龙/00000039.jpg,1,1
/home/yipeng/workspace/python/pytorch_samples/datasets/pokemon/2超梦/00000139.jpg,2,2
/home/yipeng/workspace/python/pytorch_samples/datasets/pokemon/4杰尼龟/00000094.png,4,4
/home/yipeng/workspace/python/pytorch_samples/datasets/pokemon/3皮卡丘/00000174.jpg,3,3
/home/yipeng/workspace/python/pytorch_samples/datasets/pokemon/2超梦/00000215.jpg,2,2
/home/yipeng/workspace/python/pytorch_samples/datasets/pokemon/3皮卡丘/00000227.jpg,3,3
/home/yipeng/workspace/python/pytorch_samples/datasets/pokemon/4杰尼龟/00000142.jpg,4,4
/home/yipeng/workspace/python/pytorch_samples/datasets/pokemon/1小火龙/00000226.jpg,1,1
/home/yipeng/workspace/python/pytorch_samples/datasets/pokemon/1小火龙/00000127.jpg,1,1
/home/yipeng/workspace/python/pytorch_samples/datasets/pokemon/0妙蛙种子/00000206.jpg,0,0
/home/yipeng/workspace/python/pytorch_samples/datasets/pokemon/0妙蛙种子/00000192.jpg,0,0
/home/yipeng/workspace/python/pytorch_samples/datasets/pokemon/3皮卡丘/00000075.jpg,3,3
/home/yipeng/workspace/python/pytorch_samples/datasets/pokemon/0妙蛙种子/00000046.png,0,0
/home/yipeng/workspace/python/pytorch_samples/datasets/pokemon/3皮卡丘/00000041.jpg,3,3
/home/yipeng/workspace/python/pytorch_samples/datasets/pokemon/4杰尼龟/00000144.png,4,4
/home/yipeng/workspace/python/pytorch_samples/datasets/pokemon/2超梦/00000241.png,2,2
/home/yipeng/workspace/python/pytorch_samples/datasets/pokemon/4杰尼龟/00000006.png,4,4
/home/yipeng/workspace/python/pytorch_samples/datasets/pokemon/3皮卡丘/00000122.jpg,3,3
/home/yipeng/workspace/python/pytorch_samples/datasets/pokemon/1小火龙/00000194.jpg,1,1
/home/yipeng/workspace/python/pytorch_samples/datasets/pokemon/0妙蛙种子/00000109.png,0,0
/home/yipeng/workspace/python/pytorch_samples/datasets/pokemon/3皮卡丘/00000187.jpg,3,3
/home/yipeng/workspace/python/pytorch_samples/datasets/pokemon/3皮卡丘/00000057.png,3,3
/home/yipeng/workspace/python/pytorch_samples/datasets/pokemon/4杰尼龟/00000024.png,4,4
/home/yipeng/workspace/python/pytorch_samples/datasets/pokemon/1小火龙/00000145.jpg,1,1
/home/yipeng/workspace/python/pytorch_samples/datasets/pokemon/0妙蛙种子/00000191.png,0,0
/home/yipeng/workspace/python/pytorch_samples/datasets/pokemon/3皮卡丘/00000033.jpg,3,3
/home/yipeng/workspace/python/pytorch_samples/datasets/pokemon/3皮卡丘/00000209.jpg,3,3
/home/yipeng/workspace/python/pytorch_samples/datasets/pokemon/1小火龙/00000175.jpg,1,1
/home/yipeng/workspace/python/pytorch_samples/datasets/pokemon/1小火龙/00000035.jpg,1,1
/home/yipeng/workspace/python/pytorch_samples/datasets/pokemon/3皮卡丘/00000074.png,3,3
/home/yipeng/workspace/python/pytorch_samples/datasets/pokemon/0妙蛙种子/00000119.jpg,0,0
/home/yipeng/workspace/python/pytorch_samples/datasets/pokemon/2超梦/00000021.jpg,2,2
/home/yipeng/workspace/python/pytorch_samples/datasets/pokemon/1小火龙/00000214.jpg,1,1
/home/yipeng/workspace/python/pytorch_samples/datasets/pokemon/2超梦/00000119.png,2,2
/home/yipeng/workspace/python/pytorch_samples/datasets/pokemon/1小火龙/00000208.jpg,1,1
/home/yipeng/workspace/python/pytorch_samples/datasets/pokemon/0妙蛙种子/00000230.jpg,0,0
/home/yipeng/workspace/python/pytorch_samples/datasets/pokemon/3皮卡丘/00000109.png,3,3
/home/yipeng/workspace/python/pytorch_samples/datasets/pokemon/4杰尼龟/00000066.png,4,4
/home/yipeng/workspace/python/pytorch_samples/datasets/pokemon/2超梦/00000116.png,2,2
/home/yipeng/workspace/python/pytorch_samples/datasets/pokemon/0妙蛙种子/00000236.jpg,0,0
/home/yipeng/workspace/python/pytorch_samples/datasets/pokemon/2超梦/00000039.png,2,2
/home/yipeng/workspace/python/pytorch_samples/datasets/pokemon/2超梦/00000020.png,2,2
/home/yipeng/workspace/python/pytorch_samples/datasets/pokemon/0妙蛙种子/00000037.jpg,0,0
/home/yipeng/workspace/python/pytorch_samples/datasets/pokemon/0妙蛙种子/00000200.jpg,0,4
/home/yipeng/workspace/python/pytorch_samples/datasets/pokemon/2超梦/00000164.jpg,2,2
/home/yipeng/workspace/python/pytorch_samples/datasets/pokemon/0妙蛙种子/00000079.jpg,0,0
/home/yipeng/workspace/python/pytorch_samples/datasets/pokemon/4杰尼龟/00000017.png,4,4
/home/yipeng/workspace/python/pytorch_samples/datasets/pokemon/1小火龙/00000019.png,1,1
/home/yipeng/workspace/python/pytorch_samples/datasets/pokemon/3皮卡丘/00000119.png,3,3
/home/yipeng/workspace/python/pytorch_samples/datasets/pokemon/4杰尼龟/00000161.jpg,4,4
/home/yipeng/workspace/python/pytorch_samples/datasets/pokemon/1小火龙/00000045.png,1,1
/home/yipeng/workspace/python/pytorch_samples/datasets/pokemon/1小火龙/00000209.jpg,1,1
/home/yipeng/workspace/python/pytorch_samples/datasets/pokemon/3皮卡丘/00000196.jpg,3,3
/home/yipeng/workspace/python/pytorch_samples/datasets/pokemon/2超梦/00000112.png,2,2
/home/yipeng/workspace/python/pytorch_samples/datasets/pokemon/2超梦/00000074.png,2,2
/home/yipeng/workspace/python/pytorch_samples/datasets/pokemon/1小火龙/00000016.png,1,1
/home/yipeng/workspace/python/pytorch_samples/datasets/pokemon/3皮卡丘/00000171.png,3,3
/home/yipeng/workspace/python/pytorch_samples/datasets/pokemon/1小火龙/00000034.jpg,1,1
/home/yipeng/workspace/python/pytorch_samples/datasets/pokemon/1小火龙/00000074.jpg,1,1
/home/yipeng/workspace/python/pytorch_samples/datasets/pokemon/4杰尼龟/00000016.png,4,4
/home/yipeng/workspace/python/pytorch_samples/datasets/pokemon/4杰尼龟/00000124.jpg,4,4
/home/yipeng/workspace/python/pytorch_samples/datasets/pokemon/3皮卡丘/00000078.png,3,3
/home/yipeng/workspace/python/pytorch_samples/datasets/pokemon/1小火龙/00000161.jpg,1,1
/home/yipeng/workspace/python/pytorch_samples/datasets/pokemon/2超梦/00000091.jpg,2,2
/home/yipeng/workspace/python/pytorch_samples/datasets/pokemon/4杰尼龟/00000111.jpg,4,4
/home/yipeng/workspace/python/pytorch_samples/datasets/pokemon/1小火龙/00000185.png,1,1
/home/yipeng/workspace/python/pytorch_samples/datasets/pokemon/0妙蛙种子/00000127.jpg,0,0
/home/yipeng/workspace/python/pytorch_samples/datasets/pokemon/2超梦/00000140.jpg,2,2
/home/yipeng/workspace/python/pytorch_samples/datasets/pokemon/1小火龙/00000114.jpg,1,1
/home/yipeng/workspace/python/pytorch_samples/datasets/pokemon/2超梦/00000198.jpg,2,2
/home/yipeng/workspace/python/pytorch_samples/datasets/pokemon/2超梦/00000242.png,2,2
/home/yipeng/workspace/python/pytorch_samples/datasets/pokemon/4杰尼龟/00000054.jpg,4,4
/home/yipeng/workspace/python/pytorch_samples/datasets/pokemon/0妙蛙种子/00000091.png,0,0
/home/yipeng/workspace/python/pytorch_samples/datasets/pokemon/2超梦/00000063.jpg,2,2
/home/yipeng/workspace/python/pytorch_samples/datasets/pokemon/2超梦/00000043.png,2,2
/home/yipeng/workspace/python/pytorch_samples/datasets/pokemon/4杰尼龟/00000221.jpg,4,4
/home/yipeng/workspace/python/pytorch_samples/datasets/pokemon/0妙蛙种子/00000151.png,0,0
/home/yipeng/workspace/python/pytorch_samples/datasets/pokemon/3皮卡丘/00000011.png,3,3
/home/yipeng/workspace/python/pytorch_samples/datasets/pokemon/0妙蛙种子/00000228.png,0,0
/home/yipeng/workspace/python/pytorch_samples/datasets/pokemon/3皮卡丘/00000016.jpg,3,3
/home/yipeng/workspace/python/pytorch_samples/datasets/pokemon/1小火龙/00000151.jpg,1,1
/home/yipeng/workspace/python/pytorch_samples/datasets/pokemon/1小火龙/00000021.png,1,1
/home/yipeng/workspace/python/pytorch_samples/datasets/pokemon/3皮卡丘/00000166.jpg,3,3
/home/yipeng/workspace/python/pytorch_samples/datasets/pokemon/2超梦/00000186.png,2,2
/home/yipeng/workspace/python/pytorch_samples/datasets/pokemon/0妙蛙种子/00000224.png,0,4
/home/yipeng/workspace/python/pytorch_samples/datasets/pokemon/4杰尼龟/00000110.jpg,4,4
/home/yipeng/workspace/python/pytorch_samples/datasets/pokemon/1小火龙/00000055.png,1,1
/home/yipeng/workspace/python/pytorch_samples/datasets/pokemon/1小火龙/00000071.jpg,1,1
/home/yipeng/workspace/python/pytorch_samples/datasets/pokemon/0妙蛙种子/00000176.png,0,0
/home/yipeng/workspace/python/pytorch_samples/datasets/pokemon/1小火龙/00000171.jpg,1,1
/home/yipeng/workspace/python/pytorch_samples/datasets/pokemon/3皮卡丘/00000061.jpg,3,3
/home/yipeng/workspace/python/pytorch_samples/datasets/pokemon/2超梦/00000006.jpg,2,2
/home/yipeng/workspace/python/pytorch_samples/datasets/pokemon/2超梦/00000211.jpg,2,2
/home/yipeng/workspace/python/pytorch_samples/datasets/pokemon/1小火龙/00000064.jpg,1,1
/home/yipeng/workspace/python/pytorch_samples/datasets/pokemon/4杰尼龟/00000170.png,4,4
/home/yipeng/workspace/python/pytorch_samples/datasets/pokemon/2超梦/00000113.png,2,2
/home/yipeng/workspace/python/pytorch_samples/datasets/pokemon/3皮卡丘/00000110.jpg,3,3
/home/yipeng/workspace/python/pytorch_samples/datasets/pokemon/1小火龙/00000220.jpg,1,1
/home/yipeng/workspace/python/pytorch_samples/datasets/pokemon/4杰尼龟/00000003.png,4,4
/home/yipeng/workspace/python/pytorch_samples/datasets/pokemon/1小火龙/00000077.png,1,1
/home/yipeng/workspace/python/pytorch_samples/datasets/pokemon/1小火龙/00000084.jpg,1,1
/home/yipeng/workspace/python/pytorch_samples/datasets/pokemon/1小火龙/00000160.png,1,1
/home/yipeng/workspace/python/pytorch_samples/datasets/pokemon/2超梦/00000032.jpg,2,2
/home/yipeng/workspace/python/pytorch_samples/datasets/pokemon/4杰尼龟/00000230.jpg,4,4
/home/yipeng/workspace/python/pytorch_samples/datasets/pokemon/0妙蛙种子/00000036.png,0,0
/home/yipeng/workspace/python/pytorch_samples/datasets/pokemon/3皮卡丘/00000230.png,3,3
/home/yipeng/workspace/python/pytorch_samples/datasets/pokemon/3皮卡丘/00000087.jpg,3,3
/home/yipeng/workspace/python/pytorch_samples/datasets/pokemon/1小火龙/00000218.jpg,1,1
/home/yipeng/workspace/python/pytorch_samples/datasets/pokemon/4杰尼龟/00000060.png,4,4
/home/yipeng/workspace/python/pytorch_samples/datasets/pokemon/1小火龙/00000131.jpg,1,1
/home/yipeng/workspace/python/pytorch_samples/datasets/pokemon/3皮卡丘/00000234.png,3,3
/home/yipeng/workspace/python/pytorch_samples/datasets/pokemon/4杰尼龟/00000049.png,4,4
/home/yipeng/workspace/python/pytorch_samples/datasets/pokemon/4杰尼龟/00000159.jpg,4,4
/home/yipeng/workspace/python/pytorch_samples/datasets/pokemon/4杰尼龟/00000197.jpg,4,4
/home/yipeng/workspace/python/pytorch_samples/datasets/pokemon/2超梦/00000200.jpg,2,2
/home/yipeng/workspace/python/pytorch_samples/datasets/pokemon/1小火龙/00000132.png,1,1
/home/yipeng/workspace/python/pytorch_samples/datasets/pokemon/4杰尼龟/00000194.jpg,4,6
/home/yipeng/workspace/python/pytorch_samples/datasets/pokemon/3皮卡丘/00000148.png,3,3
/home/yipeng/workspace/python/pytorch_samples/datasets/pokemon/2超梦/00000110.jpg,2,2
/home/yipeng/workspace/python/pytorch_samples/datasets/pokemon/1小火龙/00000037.jpg,1,1
/home/yipeng/workspace/python/pytorch_samples/datasets/pokemon/3皮卡丘/00000030.jpg,3,3
/home/yipeng/workspace/python/pytorch_samples/datasets/pokemon/0妙蛙种子/00000125.jpg,0,4
/home/yipeng/workspace/python/pytorch_samples/datasets/pokemon/1小火龙/00000004.png,1,1
/home/yipeng/workspace/python/pytorch_samples/datasets/pokemon/2超梦/00000195.jpg,2,2
/home/yipeng/workspace/python/pytorch_samples/datasets/pokemon/2超梦/00000126.jpg,2,2
/home/yipeng/workspace/python/pytorch_samples/datasets/pokemon/3皮卡丘/00000017.jpg,3,3
/home/yipeng/workspace/python/pytorch_samples/datasets/pokemon/4杰尼龟/00000213.png,4,4
/home/yipeng/workspace/python/pytorch_samples/datasets/pokemon/4杰尼龟/00000191.jpg,4,4
/home/yipeng/workspace/python/pytorch_samples/datasets/pokemon/0妙蛙种子/00000193.jpg,0,0
/home/yipeng/workspace/python/pytorch_samples/datasets/pokemon/0妙蛙种子/00000018.jpg,0,0
/home/yipeng/workspace/python/pytorch_samples/datasets/pokemon/1小火龙/00000239.png,1,8
/home/yipeng/workspace/python/pytorch_samples/datasets/pokemon/1小火龙/00000242.jpg,1,1
/home/yipeng/workspace/python/pytorch_samples/datasets/pokemon/2超梦/00000121.png,2,2
/home/yipeng/workspace/python/pytorch_samples/datasets/pokemon/0妙蛙种子/00000099.png,0,0
/home/yipeng/workspace/python/pytorch_samples/datasets/pokemon/1小火龙/00000020.png,1,1
/home/yipeng/workspace/python/pytorch_samples/datasets/pokemon/4杰尼龟/00000175.jpg,4,4
/home/yipeng/workspace/python/pytorch_samples/datasets/pokemon/4杰尼龟/00000090.jpg,4,4
/home/yipeng/workspace/python/pytorch_samples/datasets/pokemon/1小火龙/00000066.jpg,1,1
/home/yipeng/workspace/python/pytorch_samples/datasets/pokemon/4杰尼龟/00000113.png,4,4
/home/yipeng/workspace/python/pytorch_samples/datasets/pokemon/3皮卡丘/00000162.jpg,3,3
/home/yipeng/workspace/python/pytorch_samples/datasets/pokemon/3皮卡丘/00000107.jpg,3,3
/home/yipeng/workspace/python/pytorch_samples/datasets/pokemon/0妙蛙种子/00000098.png,0,0
/home/yipeng/workspace/python/pytorch_samples/datasets/pokemon/0妙蛙种子/00000198.jpg,0,0
/home/yipeng/workspace/python/pytorch_samples/datasets/pokemon/1小火龙/00000120.jpg,1,1
/home/yipeng/workspace/python/pytorch_samples/datasets/pokemon/3皮卡丘/00000200.jpg,3,3
/home/yipeng/workspace/python/pytorch_samples/datasets/pokemon/3皮卡丘/00000115.jpg,3,3
/home/yipeng/workspace/python/pytorch_samples/datasets/pokemon/0妙蛙种子/00000141.png,0,0
/home/yipeng/workspace/python/pytorch_samples/datasets/pokemon/1小火龙/00000085.jpg,1,1
/home/yipeng/workspace/python/pytorch_samples/datasets/pokemon/2超梦/00000240.jpg,2,2
/home/yipeng/workspace/python/pytorch_samples/datasets/pokemon/1小火龙/00000022.png,1,1
/home/yipeng/workspace/python/pytorch_samples/datasets/pokemon/0妙蛙种子/00000033.jpg,0,0
/home/yipeng/workspace/python/pytorch_samples/datasets/pokemon/4杰尼龟/00000188.jpg,4,4
/home/yipeng/workspace/python/pytorch_samples/datasets/pokemon/1小火龙/00000157.jpg,1,1
/home/yipeng/workspace/python/pytorch_samples/datasets/pokemon/0妙蛙种子/00000169.png,0,0
/home/yipeng/workspace/python/pytorch_samples/datasets/pokemon/0妙蛙种子/00000056.jpg,0,0
/home/yipeng/workspace/python/pytorch_samples/datasets/pokemon/2超梦/00000230.jpg,2,2
/home/yipeng/workspace/python/pytorch_samples/datasets/pokemon/4杰尼龟/00000215.jpg,4,4
/home/yipeng/workspace/python/pytorch_samples/datasets/pokemon/2超梦/00000180.jpg,2,2
/home/yipeng/workspace/python/pytorch_samples/datasets/pokemon/1小火龙/00000000.png,1,1
/home/yipeng/workspace/python/pytorch_samples/datasets/pokemon/4杰尼龟/00000102.jpg,4,4
/home/yipeng/workspace/python/pytorch_samples/datasets/pokemon/1小火龙/00000142.png,1,1
/home/yipeng/workspace/python/pytorch_samples/datasets/pokemon/2超梦/00000058.png,2,4
/home/yipeng/workspace/python/pytorch_samples/datasets/pokemon/4杰尼龟/00000042.png,4,4
/home/yipeng/workspace/python/pytorch_samples/datasets/pokemon/0妙蛙种子/00000173.png,0,0
/home/yipeng/workspace/python/pytorch_samples/datasets/pokemon/4杰尼龟/00000228.jpg,4,4
/home/yipeng/workspace/python/pytorch_samples/datasets/pokemon/3皮卡丘/00000213.jpg,3,3
/home/yipeng/workspace/python/pytorch_samples/datasets/pokemon/3皮卡丘/00000022.jpg,3,3
/home/yipeng/workspace/python/pytorch_samples/datasets/pokemon/1小火龙/00000199.jpg,1,1
/home/yipeng/workspace/python/pytorch_samples/datasets/pokemon/4杰尼龟/00000229.jpg,4,4
/home/yipeng/workspace/python/pytorch_samples/datasets/pokemon/1小火龙/00000110.png,1,1
/home/yipeng/workspace/python/pytorch_samples/datasets/pokemon/1小火龙/00000137.png,1,1
/home/yipeng/workspace/python/pytorch_samples/datasets/pokemon/4杰尼龟/00000104.png,4,4
/home/yipeng/workspace/python/pytorch_samples/datasets/pokemon/3皮卡丘/00000086.jpg,3,3
/home/yipeng/workspace/python/pytorch_samples/datasets/pokemon/1小火龙/00000207.jpg,1,1
/home/yipeng/workspace/python/pytorch_samples/datasets/pokemon/2超梦/00000212.png,2,2
/home/yipeng/workspace/python/pytorch_samples/datasets/pokemon/0妙蛙种子/00000059.png,0,0
/home/yipeng/workspace/python/pytorch_samples/datasets/pokemon/3皮卡丘/00000204.png,3,3
/home/yipeng/workspace/python/pytorch_samples/datasets/pokemon/4杰尼龟/00000166.jpg,4,4
/home/yipeng/workspace/python/pytorch_samples/datasets/pokemon/3皮卡丘/00000194.jpg,3,3
/home/yipeng/workspace/python/pytorch_samples/datasets/pokemon/4杰尼龟/00000101.jpg,4,4
/home/yipeng/workspace/python/pytorch_samples/datasets/pokemon/2超梦/00000138.png,2,2
/home/yipeng/workspace/python/pytorch_samples/datasets/pokemon/2超梦/00000078.jpg,2,2
/home/yipeng/workspace/python/pytorch_samples/datasets/pokemon/3皮卡丘/00000206.jpg,3,3
/home/yipeng/workspace/python/pytorch_samples/datasets/pokemon/2超梦/00000109.jpg,2,2
/home/yipeng/workspace/python/pytorch_samples/datasets/pokemon/2超梦/00000067.jpg,2,2
/home/yipeng/workspace/python/pytorch_samples/datasets/pokemon/3皮卡丘/00000183.png,3,3
/home/yipeng/workspace/python/pytorch_samples/datasets/pokemon/0妙蛙种子/00000135.jpg,0,0
/home/yipeng/workspace/python/pytorch_samples/datasets/pokemon/0妙蛙种子/00000105.png,0,0
/home/yipeng/workspace/python/pytorch_samples/datasets/pokemon/1小火龙/00000028.png,1,1
/home/yipeng/workspace/python/pytorch_samples/datasets/pokemon/3皮卡丘/00000023.png,3,3
/home/yipeng/workspace/python/pytorch_samples/datasets/pokemon/2超梦/00000049.png,2,2
/home/yipeng/workspace/python/pytorch_samples/datasets/pokemon/0妙蛙种子/00000068.png,0,0
/home/yipeng/workspace/python/pytorch_samples/datasets/pokemon/2超梦/00000102.jpg,2,2
/home/yipeng/workspace/python/pytorch_samples/datasets/pokemon/1小火龙/00000011.png,1,1
/home/yipeng/workspace/python/pytorch_samples/datasets/pokemon/2超梦/00000155.jpg,2,2
/home/yipeng/workspace/python/pytorch_samples/datasets/pokemon/3皮卡丘/00000077.jpg,3,3
/home/yipeng/workspace/python/pytorch_samples/datasets/pokemon/3皮卡丘/00000123.jpg,3,3
/home/yipeng/workspace/python/pytorch_samples/datasets/pokemon/2超梦/00000011.jpg,2,2
/home/yipeng/workspace/python/pytorch_samples/datasets/pokemon/1小火龙/00000165.jpg,1,1
/home/yipeng/workspace/python/pytorch_samples/datasets/pokemon/0妙蛙种子/00000000.png,0,0
/home/yipeng/workspace/python/pytorch_samples/datasets/pokemon/2超梦/00000235.jpg,2,2
/home/yipeng/workspace/python/pytorch_samples/datasets/pokemon/1小火龙/00000117.jpg,1,1
/home/yipeng/workspace/python/pytorch_samples/datasets/pokemon/2超梦/00000038.png,2,2
/home/yipeng/workspace/python/pytorch_samples/datasets/pokemon/2超梦/00000238.png,2,2
/home/yipeng/workspace/python/pytorch_samples/datasets/pokemon/2超梦/00000178.png,2,2
/home/yipeng/workspace/python/pytorch_samples/datasets/pokemon/2超梦/00000125.jpg,2,2
/home/yipeng/workspace/python/pytorch_samples/datasets/pokemon/1小火龙/00000017.png,1,1
/home/yipeng/workspace/python/pytorch_samples/datasets/pokemon/1小火龙/00000190.jpg,1,1
/home/yipeng/workspace/python/pytorch_samples/datasets/pokemon/4杰尼龟/00000034.png,4,4
/home/yipeng/workspace/python/pytorch_samples/datasets/pokemon/4杰尼龟/00000160.png,4,4
/home/yipeng/workspace/python/pytorch_samples/datasets/pokemon/0妙蛙种子/00000083.png,0,0
/home/yipeng/workspace/python/pytorch_samples/datasets/pokemon/4杰尼龟/00000083.png,4,4
/home/yipeng/workspace/python/pytorch_samples/datasets/pokemon/1小火龙/00000083.jpg,1,1
/home/yipeng/workspace/python/pytorch_samples/datasets/pokemon/2超梦/00000193.png,2,2
/home/yipeng/workspace/python/pytorch_samples/datasets/pokemon/1小火龙/00000136.jpg,1,1
/home/yipeng/workspace/python/pytorch_samples/datasets/pokemon/0妙蛙种子/00000058.png,0,0
/home/yipeng/workspace/python/pytorch_samples/datasets/pokemon/0妙蛙种子/00000028.png,0,0
/home/yipeng/workspace/python/pytorch_samples/datasets/pokemon/4杰尼龟/00000048.jpg,4,4
/home/yipeng/workspace/python/pytorch_samples/datasets/pokemon/0妙蛙种子/00000214.jpg,0,4
/home/yipeng/workspace/python/pytorch_samples/datasets/pokemon/0妙蛙种子/00000238.jpg,0,0
/home/yipeng/workspace/python/pytorch_samples/datasets/pokemon/0妙蛙种子/00000170.png,0,0
/home/yipeng/workspace/python/pytorch_samples/datasets/pokemon/3皮卡丘/00000006.png,3,3
/home/yipeng/workspace/python/pytorch_samples/datasets/pokemon/1小火龙/00000162.jpg,1,1
/home/yipeng/workspace/python/pytorch_samples/datasets/pokemon/0妙蛙种子/00000019.jpg,0,0
/home/yipeng/workspace/python/pytorch_samples/datasets/pokemon/4杰尼龟/00000031.png,4,4
/home/yipeng/workspace/python/pytorch_samples/datasets/pokemon/1小火龙/00000038.png,1,1
/home/yipeng/workspace/python/pytorch_samples/datasets/pokemon/4杰尼龟/00000033.jpg,4,4
/home/yipeng/workspace/python/pytorch_samples/datasets/pokemon/0妙蛙种子/00000107.png,0,0
/home/yipeng/workspace/python/pytorch_samples/datasets/pokemon/0妙蛙种子/00000075.png,0,0
/home/yipeng/workspace/python/pytorch_samples/datasets/pokemon/0妙蛙种子/00000011.png,0,0
/home/yipeng/workspace/python/pytorch_samples/datasets/pokemon/1小火龙/00000166.png,1,1
/home/yipeng/workspace/python/pytorch_samples/datasets/pokemon/3皮卡丘/00000039.jpg,3,3
/home/yipeng/workspace/python/pytorch_samples/datasets/pokemon/4杰尼龟/00000134.jpg,4,4
/home/yipeng/workspace/python/pytorch_samples/datasets/pokemon/4杰尼龟/00000039.jpg,4,4
/home/yipeng/workspace/python/pytorch_samples/datasets/pokemon/1小火龙/00000013.jpg,1,1
/home/yipeng/workspace/python/pytorch_samples/datasets/pokemon/3皮卡丘/00000067.png,3,3
/home/yipeng/workspace/python/pytorch_samples/datasets/pokemon/1小火龙/00000015.png,1,1
/home/yipeng/workspace/python/pytorch_samples/datasets/pokemon/1小火龙/00000129.jpg,1,1
/home/yipeng/workspace/python/pytorch_samples/datasets/pokemon/2超梦/00000167.jpg,2,2
/home/yipeng/workspace/python/pytorch_samples/datasets/pokemon/3皮卡丘/00000034.jpg,3,3
/home/yipeng/workspace/python/pytorch_samples/datasets/pokemon/4杰尼龟/00000114.png,4,4
/home/yipeng/workspace/python/pytorch_samples/datasets/pokemon/2超梦/00000133.jpg,2,2
/home/yipeng/workspace/python/pytorch_samples/datasets/pokemon/3皮卡丘/00000106.png,3,3
/home/yipeng/workspace/python/pytorch_samples/datasets/pokemon/2超梦/00000046.png,2,2
/home/yipeng/workspace/python/pytorch_samples/datasets/pokemon/3皮卡丘/00000097.png,3,3
/home/yipeng/workspace/python/pytorch_samples/datasets/pokemon/4杰尼龟/00000117.png,4,4
/home/yipeng/workspace/python/pytorch_samples/datasets/pokemon/1小火龙/00000101.jpg,1,1
/home/yipeng/workspace/python/pytorch_samples/datasets/pokemon/1小火龙/00000244.jpg,1,1
/home/yipeng/workspace/python/pytorch_samples/datasets/pokemon/1小火龙/00000141.png,1,1
/home/yipeng/workspace/python/pytorch_samples/datasets/pokemon/1小火龙/00000076.jpg,1,1
/home/yipeng/workspace/python/pytorch_samples/datasets/pokemon/3皮卡丘/00000103.jpg,3,3
/home/yipeng/workspace/python/pytorch_samples/datasets/pokemon/1小火龙/00000204.jpg,1,1
/home/yipeng/workspace/python/pytorch_samples/datasets/pokemon/1小火龙/00000112.jpg,1,1
/home/yipeng/workspace/python/pytorch_samples/datasets/pokemon/0妙蛙种子/00000027.png,0,0
/home/yipeng/workspace/python/pytorch_samples/datasets/pokemon/4杰尼龟/00000119.jpg,4,4
/home/yipeng/workspace/python/pytorch_samples/datasets/pokemon/3皮卡丘/00000202.jpg,3,3
/home/yipeng/workspace/python/pytorch_samples/datasets/pokemon/1小火龙/00000170.jpg,1,1
/home/yipeng/workspace/python/pytorch_samples/datasets/pokemon/3皮卡丘/00000169.png,3,3
/home/yipeng/workspace/python/pytorch_samples/datasets/pokemon/0妙蛙种子/00000015.jpg,0,0
/home/yipeng/workspace/python/pytorch_samples/datasets/pokemon/2超梦/00000103.png,2,2
/home/yipeng/workspace/python/pytorch_samples/datasets/pokemon/2超梦/00000082.png,2,2
/home/yipeng/workspace/python/pytorch_samples/datasets/pokemon/1小火龙/00000174.png,1,1
/home/yipeng/workspace/python/pytorch_samples/datasets/pokemon/2超梦/00000099.jpg,2,2
/home/yipeng/workspace/python/pytorch_samples/datasets/pokemon/2超梦/00000098.jpg,2,2
/home/yipeng/workspace/python/pytorch_samples/datasets/pokemon/2超梦/00000174.png,2,2
/home/yipeng/workspace/python/pytorch_samples/datasets/pokemon/4杰尼龟/00000084.jpg,4,4
/home/yipeng/workspace/python/pytorch_samples/datasets/pokemon/3皮卡丘/00000160.jpg,3,3
/home/yipeng/workspace/python/pytorch_samples/datasets/pokemon/0妙蛙种子/00000205.jpg,0,0
/home/yipeng/workspace/python/pytorch_samples/datasets/pokemon/0妙蛙种子/00000121.png,0,0
/home/yipeng/workspace/python/pytorch_samples/datasets/pokemon/0妙蛙种子/00000007.jpg,0,0
/home/yipeng/workspace/python/pytorch_samples/datasets/pokemon/1小火龙/00000069.png,1,1
/home/yipeng/workspace/python/pytorch_samples/datasets/pokemon/0妙蛙种子/00000126.png,0,0
/home/yipeng/workspace/python/pytorch_samples/datasets/pokemon/2超梦/00000007.jpg,2,2
/home/yipeng/workspace/python/pytorch_samples/datasets/pokemon/3皮卡丘/00000101.jpg,3,3
/home/yipeng/workspace/python/pytorch_samples/datasets/pokemon/3皮卡丘/00000083.png,3,3
/home/yipeng/workspace/python/pytorch_samples/datasets/pokemon/0妙蛙种子/00000196.png,0,4
/home/yipeng/workspace/python/pytorch_samples/datasets/pokemon/2超梦/00000027.png,2,2
/home/yipeng/workspace/python/pytorch_samples/datasets/pokemon/4杰尼龟/00000149.png,4,4
/home/yipeng/workspace/python/pytorch_samples/datasets/pokemon/4杰尼龟/00000001.jpg,4,4
/home/yipeng/workspace/python/pytorch_samples/datasets/pokemon/1小火龙/00000159.png,1,1
/home/yipeng/workspace/python/pytorch_samples/datasets/pokemon/2超梦/00000077.jpg,2,2
/home/yipeng/workspace/python/pytorch_samples/datasets/pokemon/2超梦/00000214.jpg,2,2
/home/yipeng/workspace/python/pytorch_samples/datasets/pokemon/1小火龙/00000149.jpg,1,1
/home/yipeng/workspace/python/pytorch_samples/datasets/pokemon/0妙蛙种子/00000029.jpg,0,0
/home/yipeng/workspace/python/pytorch_samples/datasets/pokemon/4杰尼龟/00000131.jpg,4,4
/home/yipeng/workspace/python/pytorch_samples/datasets/pokemon/1小火龙/00000095.png,1,3
/home/yipeng/workspace/python/pytorch_samples/datasets/pokemon/3皮卡丘/00000203.jpg,3,3
/home/yipeng/workspace/python/pytorch_samples/datasets/pokemon/2超梦/00000223.png,2,2
/home/yipeng/workspace/python/pytorch_samples/datasets/pokemon/4杰尼龟/00000052.jpg,4,4
/home/yipeng/workspace/python/pytorch_samples/datasets/pokemon/1小火龙/00000052.jpg,1,1
/home/yipeng/workspace/python/pytorch_samples/datasets/pokemon/1小火龙/00000195.jpg,1,1
/home/yipeng/workspace/python/pytorch_samples/datasets/pokemon/2超梦/00000092.png,2,2
/home/yipeng/workspace/python/pytorch_samples/datasets/pokemon/2超梦/00000165.jpg,2,2
/home/yipeng/workspace/python/pytorch_samples/datasets/pokemon/3皮卡丘/00000151.png,3,3
/home/yipeng/workspace/python/pytorch_samples/datasets/pokemon/2超梦/00000045.png,2,2
/home/yipeng/workspace/python/pytorch_samples/datasets/pokemon/4杰尼龟/00000107.jpg,4,0
/home/yipeng/workspace/python/pytorch_samples/datasets/pokemon/3皮卡丘/00000066.png,3,3
/home/yipeng/workspace/python/pytorch_samples/datasets/pokemon/3皮卡丘/00000170.jpg,3,3
/home/yipeng/workspace/python/pytorch_samples/datasets/pokemon/2超梦/00000123.jpg,2,2
/home/yipeng/workspace/python/pytorch_samples/datasets/pokemon/3皮卡丘/00000152.jpg,3,3
/home/yipeng/workspace/python/pytorch_samples/datasets/pokemon/0妙蛙种子/00000154.jpg,0,5
/home/yipeng/workspace/python/pytorch_samples/datasets/pokemon/3皮卡丘/00000045.png,3,3
/home/yipeng/workspace/python/pytorch_samples/datasets/pokemon/4杰尼龟/00000200.jpg,4,4
/home/yipeng/workspace/python/pytorch_samples/datasets/pokemon/4杰尼龟/00000128.jpg,4,4
/home/yipeng/workspace/python/pytorch_samples/datasets/pokemon/1小火龙/00000192.png,1,1
/home/yipeng/workspace/python/pytorch_samples/datasets/pokemon/0妙蛙种子/00000199.jpg,0,0
/home/yipeng/workspace/python/pytorch_samples/datasets/pokemon/4杰尼龟/00000129.png,4,4
/home/yipeng/workspace/python/pytorch_samples/datasets/pokemon/3皮卡丘/00000014.png,3,3
/home/yipeng/workspace/python/pytorch_samples/datasets/pokemon/2超梦/00000129.jpg,2,2
/home/yipeng/workspace/python/pytorch_samples/datasets/pokemon/4杰尼龟/00000137.png,4,4
/home/yipeng/workspace/python/pytorch_samples/datasets/pokemon/0妙蛙种子/00000069.png,0,0
/home/yipeng/workspace/python/pytorch_samples/datasets/pokemon/4杰尼龟/00000135.png,4,4
/home/yipeng/workspace/python/pytorch_samples/datasets/pokemon/1小火龙/00000099.jpg,1,1
/home/yipeng/workspace/python/pytorch_samples/datasets/pokemon/4杰尼龟/00000138.png,4,4
/home/yipeng/workspace/python/pytorch_samples/datasets/pokemon/1小火龙/00000148.jpg,1,1
/home/yipeng/workspace/python/pytorch_samples/datasets/pokemon/2超梦/00000048.png,2,2
/home/yipeng/workspace/python/pytorch_samples/datasets/pokemon/4杰尼龟/00000010.png,4,4
/home/yipeng/workspace/python/pytorch_samples/datasets/pokemon/3皮卡丘/00000144.png,3,3
/home/yipeng/workspace/python/pytorch_samples/datasets/pokemon/3皮卡丘/00000220.png,3,3
/home/yipeng/workspace/python/pytorch_samples/datasets/pokemon/0妙蛙种子/00000123.jpg,0,0
/home/yipeng/workspace/python/pytorch_samples/datasets/pokemon/2超梦/00000177.png,2,2
/home/yipeng/workspace/python/pytorch_samples/datasets/pokemon/0妙蛙种子/00000137.jpg,0,0
/home/yipeng/workspace/python/pytorch_samples/datasets/pokemon/4杰尼龟/00000108.jpg,4,4
/home/yipeng/workspace/python/pytorch_samples/datasets/pokemon/3皮卡丘/00000214.jpg,3,3
/home/yipeng/workspace/python/pytorch_samples/datasets/pokemon/2超梦/00000022.png,2,2
/home/yipeng/workspace/python/pytorch_samples/datasets/pokemon/4杰尼龟/00000051.png,4,4
/home/yipeng/workspace/python/pytorch_samples/datasets/pokemon/4杰尼龟/00000029.jpg,4,4
/home/yipeng/workspace/python/pytorch_samples/datasets/pokemon/3皮卡丘/00000104.jpg,3,3
/home/yipeng/workspace/python/pytorch_samples/datasets/pokemon/2超梦/00000118.png,2,2
/home/yipeng/workspace/python/pytorch_samples/datasets/pokemon/3皮卡丘/00000047.jpg,3,3
/home/yipeng/workspace/python/pytorch_samples/datasets/pokemon/4杰尼龟/00000178.png,4,4
/home/yipeng/workspace/python/pytorch_samples/datasets/pokemon/0妙蛙种子/00000175.jpg,0,0
/home/yipeng/workspace/python/pytorch_samples/datasets/pokemon/4杰尼龟/00000219.png,4,4
/home/yipeng/workspace/python/pytorch_samples/datasets/pokemon/3皮卡丘/00000118.jpg,3,3
/home/yipeng/workspace/python/pytorch_samples/datasets/pokemon/4杰尼龟/00000002.jpg,4,4
/home/yipeng/workspace/python/pytorch_samples/datasets/pokemon/2超梦/00000016.jpg,2,2
/home/yipeng/workspace/python/pytorch_samples/datasets/pokemon/0妙蛙种子/00000002.png,0,0
/home/yipeng/workspace/python/pytorch_samples/datasets/pokemon/3皮卡丘/00000112.jpg,3,3
/home/yipeng/workspace/python/pytorch_samples/datasets/pokemon/1小火龙/00000227.jpg,1,1
/home/yipeng/workspace/python/pytorch_samples/datasets/pokemon/0妙蛙种子/00000020.png,0,0
/home/yipeng/workspace/python/pytorch_samples/datasets/pokemon/2超梦/00000156.jpg,2,2
/home/yipeng/workspace/python/pytorch_samples/datasets/pokemon/3皮卡丘/00000179.jpg,3,3
/home/yipeng/workspace/python/pytorch_samples/datasets/pokemon/4杰尼龟/00000190.jpg,4,4
/home/yipeng/workspace/python/pytorch_samples/datasets/pokemon/4杰尼龟/00000070.png,4,4
/home/yipeng/workspace/python/pytorch_samples/datasets/pokemon/0妙蛙种子/00000138.png,0,0
/home/yipeng/workspace/python/pytorch_samples/datasets/pokemon/3皮卡丘/00000198.jpg,3,3
/home/yipeng/workspace/python/pytorch_samples/datasets/pokemon/1小火龙/00000147.jpg,1,1
/home/yipeng/workspace/python/pytorch_samples/datasets/pokemon/0妙蛙种子/00000025.jpg,0,0
/home/yipeng/workspace/python/pytorch_samples/datasets/pokemon/2超梦/00000159.jpg,2,2
/home/yipeng/workspace/python/pytorch_samples/datasets/pokemon/4杰尼龟/00000023.png,4,4
/home/yipeng/workspace/python/pytorch_samples/datasets/pokemon/0妙蛙种子/00000057.jpg,0,0
/home/yipeng/workspace/python/pytorch_samples/datasets/pokemon/2超梦/00000088.png,2,2
/home/yipeng/workspace/python/pytorch_samples/datasets/pokemon/1小火龙/00000150.png,1,1
/home/yipeng/workspace/python/pytorch_samples/datasets/pokemon/2超梦/00000229.png,2,2
/home/yipeng/workspace/python/pytorch_samples/datasets/pokemon/0妙蛙种子/00000146.jpg,0,0
/home/yipeng/workspace/python/pytorch_samples/datasets/pokemon/1小火龙/00000103.jpg,1,1
/home/yipeng/workspace/python/pytorch_samples/datasets/pokemon/0妙蛙种子/00000111.jpg,0,0
/home/yipeng/workspace/python/pytorch_samples/datasets/pokemon/4杰尼龟/00000184.jpg,4,4
/home/yipeng/workspace/python/pytorch_samples/datasets/pokemon/0妙蛙种子/00000110.jpg,0,0
/home/yipeng/workspace/python/pytorch_samples/datasets/pokemon/4杰尼龟/00000218.jpg,4,4
/home/yipeng/workspace/python/pytorch_samples/datasets/pokemon/4杰尼龟/00000071.jpg,4,4
/home/yipeng/workspace/python/pytorch_samples/datasets/pokemon/3皮卡丘/00000168.png,3,3
/home/yipeng/workspace/python/pytorch_samples/datasets/pokemon/4杰尼龟/00000220.jpg,4,4
/home/yipeng/workspace/python/pytorch_samples/datasets/pokemon/3皮卡丘/00000080.png,3,3
/home/yipeng/workspace/python/pytorch_samples/datasets/pokemon/4杰尼龟/00000044.png,4,4
/home/yipeng/workspace/python/pytorch_samples/datasets/pokemon/0妙蛙种子/00000114.png,0,0
/home/yipeng/workspace/python/pytorch_samples/datasets/pokemon/1小火龙/00000243.jpg,1,1
/home/yipeng/workspace/python/pytorch_samples/datasets/pokemon/4杰尼龟/00000096.jpg,4,4
/home/yipeng/workspace/python/pytorch_samples/datasets/pokemon/2超梦/00000085.jpg,2,2
/home/yipeng/workspace/python/pytorch_samples/datasets/pokemon/4杰尼龟/00000216.png,4,4
/home/yipeng/workspace/python/pytorch_samples/datasets/pokemon/2超梦/00000073.jpg,2,2
/home/yipeng/workspace/python/pytorch_samples/datasets/pokemon/2超梦/00000171.jpg,2,2
/home/yipeng/workspace/python/pytorch_samples/datasets/pokemon/1小火龙/00000115.png,1,1
/home/yipeng/workspace/python/pytorch_samples/datasets/pokemon/3皮卡丘/00000005.png,3,3
/home/yipeng/workspace/python/pytorch_samples/datasets/pokemon/1小火龙/00000024.jpg,1,1
/home/yipeng/workspace/python/pytorch_samples/datasets/pokemon/0妙蛙种子/00000063.png,0,0
/home/yipeng/workspace/python/pytorch_samples/datasets/pokemon/2超梦/00000213.jpg,2,2
/home/yipeng/workspace/python/pytorch_samples/datasets/pokemon/4杰尼龟/00000022.png,4,4
/home/yipeng/workspace/python/pytorch_samples/datasets/pokemon/4杰尼龟/00000025.png,4,4
/home/yipeng/workspace/python/pytorch_samples/datasets/pokemon/4杰尼龟/00000026.png,4,4
/home/yipeng/workspace/python/pytorch_samples/datasets/pokemon/3皮卡丘/00000051.jpg,3,3
/home/yipeng/workspace/python/pytorch_samples/datasets/pokemon/3皮卡丘/00000147.jpg,3,3
/home/yipeng/workspace/python/pytorch_samples/datasets/pokemon/0妙蛙种子/00000156.jpg,0,0
/home/yipeng/workspace/python/pytorch_samples/datasets/pokemon/4杰尼龟/00000085.jpg,4,4
/home/yipeng/workspace/python/pytorch_samples/datasets/pokemon/1小火龙/00000081.jpg,1,1
/home/yipeng/workspace/python/pytorch_samples/datasets/pokemon/1小火龙/00000031.png,1,1
/home/yipeng/workspace/python/pytorch_samples/datasets/pokemon/2超梦/00000090.jpg,2,2
/home/yipeng/workspace/python/pytorch_samples/datasets/pokemon/1小火龙/00000224.jpg,1,1
/home/yipeng/workspace/python/pytorch_samples/datasets/pokemon/0妙蛙种子/00000164.jpg,0,0
/home/yipeng/workspace/python/pytorch_samples/datasets/pokemon/1小火龙/00000176.png,1,1
/home/yipeng/workspace/python/pytorch_samples/datasets/pokemon/2超梦/00000076.png,2,4
/home/yipeng/workspace/python/pytorch_samples/datasets/pokemon/3皮卡丘/00000139.png,3,3
/home/yipeng/workspace/python/pytorch_samples/datasets/pokemon/4杰尼龟/00000011.jpg,4,4
/home/yipeng/workspace/python/pytorch_samples/datasets/pokemon/0妙蛙种子/00000047.png,0,0
/home/yipeng/workspace/python/pytorch_samples/datasets/pokemon/2超梦/00000070.jpg,2,2
/home/yipeng/workspace/python/pytorch_samples/datasets/pokemon/3皮卡丘/00000038.png,3,3
/home/yipeng/workspace/python/pytorch_samples/datasets/pokemon/4杰尼龟/00000147.png,4,4
/home/yipeng/workspace/python/pytorch_samples/datasets/pokemon/1小火龙/00000087.jpg,1,1
/home/yipeng/workspace/python/pytorch_samples/datasets/pokemon/2超梦/00000154.png,2,2
/home/yipeng/workspace/python/pytorch_samples/datasets/pokemon/1小火龙/00000128.png,1,1
/home/yipeng/workspace/python/pytorch_samples/datasets/pokemon/0妙蛙种子/00000113.png,0,4
/home/yipeng/workspace/python/pytorch_samples/datasets/pokemon/3皮卡丘/00000064.jpg,3,3
/home/yipeng/workspace/python/pytorch_samples/datasets/pokemon/2超梦/00000236.jpg,2,2
/home/yipeng/workspace/python/pytorch_samples/datasets/pokemon/1小火龙/00000040.png,1,1
/home/yipeng/workspace/python/pytorch_samples/datasets/pokemon/2超梦/00000132.png,2,2
/home/yipeng/workspace/python/pytorch_samples/datasets/pokemon/1小火龙/00000198.jpg,1,1
/home/yipeng/workspace/python/pytorch_samples/datasets/pokemon/0妙蛙种子/00000117.png,0,0
/home/yipeng/workspace/python/pytorch_samples/datasets/pokemon/2超梦/00000107.jpg,2,2
/home/yipeng/workspace/python/pytorch_samples/datasets/pokemon/0妙蛙种子/00000195.jpg,0,0
/home/yipeng/workspace/python/pytorch_samples/datasets/pokemon/4杰尼龟/00000183.jpg,4,4
/home/yipeng/workspace/python/pytorch_samples/datasets/pokemon/3皮卡丘/00000193.png,3,3
/home/yipeng/workspace/python/pytorch_samples/datasets/pokemon/2超梦/00000136.png,2,2
/home/yipeng/workspace/python/pytorch_samples/datasets/pokemon/2超梦/00000124.png,2,2
/home/yipeng/workspace/python/pytorch_samples/datasets/pokemon/1小火龙/00000153.jpg,1,1
/home/yipeng/workspace/python/pytorch_samples/datasets/pokemon/4杰尼龟/00000121.jpg,4,4
/home/yipeng/workspace/python/pytorch_samples/datasets/pokemon/4杰尼龟/00000027.png,4,4
/home/yipeng/workspace/python/pytorch_samples/datasets/pokemon/2超梦/00000216.jpg,2,2
/home/yipeng/workspace/python/pytorch_samples/datasets/pokemon/3皮卡丘/00000099.jpg,3,3
/home/yipeng/workspace/python/pytorch_samples/datasets/pokemon/2超梦/00000025.png,2,0
/home/yipeng/workspace/python/pytorch_samples/datasets/pokemon/2超梦/00000227.jpg,2,2
/home/yipeng/workspace/python/pytorch_samples/datasets/pokemon/3皮卡丘/00000027.jpg,3,3
/home/yipeng/workspace/python/pytorch_samples/datasets/pokemon/2超梦/00000094.jpg,2,2
/home/yipeng/workspace/python/pytorch_samples/datasets/pokemon/0妙蛙种子/00000080.jpg,0,0
/home/yipeng/workspace/python/pytorch_samples/datasets/pokemon/0妙蛙种子/00000215.png,0,0
/home/yipeng/workspace/python/pytorch_samples/datasets/pokemon/3皮卡丘/00000238.png,3,3
/home/yipeng/workspace/python/pytorch_samples/datasets/pokemon/2超梦/00000145.jpg,2,2
/home/yipeng/workspace/python/pytorch_samples/datasets/pokemon/3皮卡丘/00000182.jpg,3,3
/home/yipeng/workspace/python/pytorch_samples/datasets/pokemon/3皮卡丘/00000128.png,3,3
/home/yipeng/workspace/python/pytorch_samples/datasets/pokemon/1小火龙/00000201.jpg,1,1
/home/yipeng/workspace/python/pytorch_samples/datasets/pokemon/4杰尼龟/00000062.png,4,4
/home/yipeng/workspace/python/pytorch_samples/datasets/pokemon/3皮卡丘/00000082.jpg,3,3
/home/yipeng/workspace/python/pytorch_samples/datasets/pokemon/0妙蛙种子/00000017.png,0,0
/home/yipeng/workspace/python/pytorch_samples/datasets/pokemon/4杰尼龟/00000189.jpg,4,4
/home/yipeng/workspace/python/pytorch_samples/datasets/pokemon/0妙蛙种子/00000204.png,0,0
/home/yipeng/workspace/python/pytorch_samples/datasets/pokemon/4杰尼龟/00000045.jpg,4,4
/home/yipeng/workspace/python/pytorch_samples/datasets/pokemon/0妙蛙种子/00000190.png,0,0
/home/yipeng/workspace/python/pytorch_samples/datasets/pokemon/2超梦/00000166.png,2,2
/home/yipeng/workspace/python/pytorch_samples/datasets/pokemon/4杰尼龟/00000081.png,4,4
/home/yipeng/workspace/python/pytorch_samples/datasets/pokemon/0妙蛙种子/00000153.jpg,0,0
/home/yipeng/workspace/python/pytorch_samples/datasets/pokemon/4杰尼龟/00000012.png,4,4
/home/yipeng/workspace/python/pytorch_samples/datasets/pokemon/3皮卡丘/00000007.jpg,3,3
/home/yipeng/workspace/python/pytorch_samples/datasets/pokemon/3皮卡丘/00000190.png,3,3
/home/yipeng/workspace/python/pytorch_samples/datasets/pokemon/0妙蛙种子/00000143.jpg,0,0
/home/yipeng/workspace/python/pytorch_samples/datasets/pokemon/2超梦/00000204.jpg,2,2
/home/yipeng/workspace/python/pytorch_samples/datasets/pokemon/3皮卡丘/00000185.jpg,3,3
/home/yipeng/workspace/python/pytorch_samples/datasets/pokemon/1小火龙/00000073.png,1,1
/home/yipeng/workspace/python/pytorch_samples/datasets/pokemon/0妙蛙种子/00000004.png,0,0
/home/yipeng/workspace/python/pytorch_samples/datasets/pokemon/2超梦/00000050.png,2,2
/home/yipeng/workspace/python/pytorch_samples/datasets/pokemon/0妙蛙种子/00000009.png,0,0
/home/yipeng/workspace/python/pytorch_samples/datasets/pokemon/4杰尼龟/00000132.jpg,4,0
/home/yipeng/workspace/python/pytorch_samples/datasets/pokemon/1小火龙/00000090.png,1,1
